normal,cuasi_normal,sesgo_derecha,sesgo_izquierda,bimodal
0.4967141530112327,0.5812651077818314,2.0663719121851254,0.2653917798672621,-0.3609993330444632
-0.13826430117118466,0.5869597371839954,0.733192182900375,-0.02728588505881724,-2.298125640221662
0.6476885381006925,-0.48891642198202023,0.3341466433648206,-0.9715044616279346,-1.3214414445099976
1.5230298564080254,0.6858517893636691,1.832819216489155,0.029321747023098033,-2.122587309066816
-0.23415337472333597,-0.7571396588502011,-0.29511641124100974,-0.7285398726023049,-2.7344162058600667
-0.23413695694918055,0.43463247904958713,0.7824906495725665,-1.5245949675714314,-4.308097324975335
1.5792128155073915,0.6632002274108725,-1.0957199310511085,-1.0505372802043271,-1.9555574789099672
0.7674347291529088,-0.07964422284767164,1.6368318242217328,-1.2854000741386733,-2.9064310880127198
-0.4694743859349521,1.2200627389206933,0.6300078138441711,-1.2433149098195946,-2.9303523821343083
0.5425600435859647,-0.23463594231854418,0.04069289051846253,0.34657428496998144,-2.6401614429373215
-0.46341769281246226,-0.1065691238645674,0.06535667998049742,-1.3624563629316828,-0.2927913012812593
-0.46572975357025687,-0.36685234184925053,0.3234633890385913,-0.3626547861166964,0.3897002550987092
0.24196227156603412,1.0181875489937582,1.6173607062726745,0.10341549561325776,-1.870718569951738
-1.913280244657798,1.1422049298094836,1.0522647568660413,-0.8047060835523768,-2.5353054498748393
-1.7249178325130328,1.842474343398675,0.5294426613088373,0.2019605380142129,-0.8593691733176572
-0.5622875292409727,0.01606054932338158,0.5427431713711047,0.051955573851379666,-1.574066548877846
-1.0128311203344238,0.6599422227638138,1.5308909466955698,-2.9597063111429733,-3.7775496076680395
0.3142473325952739,1.70599021501496,1.9703313743884883,-1.5913979213038192,-1.8388566164552307
-0.9080240755212109,-0.19039061099897533,0.66255103268723,-0.21096786392070654,-4.495595178929319
-1.4123037013352915,-0.519758025436777,0.41021186461542714,0.20341107218039756,-1.3387681871744417
1.465648768921554,0.42718197924379064,2.2023423933572293,-0.1865526489855042,-1.2233447307150755
-0.22577630048653566,0.23791970317508673,1.1750905856910365,-0.8331061073776758,-0.5837671360084753
0.06752820468792384,-0.8972570805527649,1.3695451561320175,-1.5371134721512123,-2.2310098847983513
-1.4247481862134568,0.704743811670395,1.3947607863979972,-1.1781669724073425,-1.5542610183895498
-0.5443827245251827,-0.7528652582828421,1.932162570834044,-2.0709125212021355,-2.18591813353307
0.11092258970986608,0.4465239551074088,0.49979524443245327,-1.0918421951399133,-2.8265951616353635
-1.1509935774223028,1.2392751835135871,-0.27486534257081674,-1.4530179499470384,-1.0199978733312585
0.37569801834567196,0.9222214935450357,0.2296613802042012,0.4693569215719502,-1.7107890906605563
-0.600638689918805,0.5949987184322908,-0.46252459532847107,-2.1620380246865247,-0.637304505441987
-0.2916937497932768,1.0875154923805328,0.4735974673204497,-0.33774517292686324,-4.071393746728272
-0.6017066122293969,-0.35248619818615445,1.5921379555824735,-0.12218976692159755,-3.3903257831814892
1.8522781845089378,1.8895302643319831,1.3332772109774558,-1.279326634102493,-2.666527404669851
-0.013497224737933921,0.6158340982966073,-0.26120314578556103,-0.3294926066319728,-1.962306186017894
-1.0577109289559004,0.8189022353735786,2.3921555298433406,-0.9421035340335739,-1.6596552808033886
0.822544912103189,-0.3556453343221183,-0.39988586134062754,-1.3869878681538534,-2.6861119843017542
-1.2208436499710222,3.021004110007358,0.9025038410417998,-1.9537681869217431,-3.1921841901678873
0.2088635950047554,0.6430255895972735,-0.0017321703246732656,-1.339655810402089,-1.7270477217155253
-1.9596701238797756,1.4259156404887874,0.01896098040560172,0.3688203956695111,0.016791219328459395
-1.3281860488984305,0.1488777510623959,0.8134118860679713,-0.8961709139487068,-1.4950326271178092
0.19686123586912352,-0.41521923684571227,0.554035921727915,0.13454470651995476,-1.7684763584463852
0.7384665799954104,0.7786909566951941,0.6213103357635525,0.11395837266164849,-1.4694051751123016
0.1713682811899705,0.6148600163266515,0.5554422302894064,-2.0839456578540627,-2.001455770110276
-0.11564828238824053,0.445619168120237,1.384356233533366,-1.3632270823416028,-1.2548729777907024
-0.3011036955892888,-0.07399101770115568,0.35277395642734044,-0.4787857783410481,-3.493917530468056
-1.4785219903674274,0.6809533707421469,1.111813092521703,-0.6282072036911277,-1.0264829085946534
-0.7198442083947086,1.4079422301456463,1.9359104559568168,-1.1221913262580856,-2.523410229143436
-0.4606387709597875,0.48281912546814126,1.3530866839443414,-1.7271735351369164,-1.989407121686043
1.0571222262189157,1.1726918013450902,-1.2815085183630575,-0.868619266240335,-1.0333208142073507
0.3436182895684614,0.8719855196548782,0.29615005644580567,-1.6795249934324707,-2.862795656541503
-1.763040155362734,1.1255774487945904,1.2143371530288087,0.3222981365703287,-3.7861472948212467
0.324083969394795,-0.09214224374676078,1.5507019126484818,0.15730491530148638,-1.7558909164661745
-0.38508228041631654,-0.29042400937882623,0.48975053942376684,0.2736271198350846,-0.13195704757730486
-0.6769220003059587,-0.07714432518343506,-0.015225733360407834,-0.4857076923047424,-3.6224843706419563
0.6116762888408679,-0.011425270970464585,0.5440432635590735,-0.6996846650368842,-3.180740193277581
1.030999522495951,1.312523590377671,0.8779292946500566,-1.2015289109523755,-1.1632707946155132
0.9312801191161986,1.0480535176688117,0.5984085578014202,-1.765372109278336,-2.434723063737977
-0.8392175232226385,0.3392493067316256,-0.34883751273591757,-0.5488864821254633,-3.334164617351134
-0.3092123758512146,1.4559270098145043,0.41892030051454765,0.5527280875882302,-1.9873299838063618
0.33126343140356396,0.5788494010637605,0.4666343844654023,-1.5807736790744855,-3.058009255478724
0.9755451271223592,0.14400972951627736,0.46069683895433955,-0.6844635531481676,-2.2808879592715057
-0.47917423784528995,1.1433867102139899,0.6801068894193951,-0.2812948119567166,-3.6779213521317295
-0.18565897666381712,2.2001571004993843,0.12204667278177969,-0.47034178228521417,-3.182446916247475
-1.1063349740060282,1.112672858207094,0.605172931785172,-0.07631857327029681,-3.0383952597580164
-1.1962066240806708,1.3567184061033009,0.26374727610134674,-2.4404394442627453,-1.1431983585498475
0.812525822394198,0.08968254379145477,1.8102098003260274,-0.5188702387786197,-1.6623023677363666
1.356240028570823,1.2204945184500209,-0.08347708651380514,-0.019071522186098172,-0.38091333134138883
-0.07201012158033385,2.5985126580732487,1.565213028013374,-0.48967979422541846,-1.6816230867761628
1.0035328978920242,0.768616319049494,0.18019253908043645,-0.7289577474244701,-0.8015541339028027
0.36163602504763415,-0.6109731026373006,-0.4722364066761182,-0.498136445854835,-0.9890708016365088
-0.6451197546051243,0.8794320101480757,1.1610262863832457,-0.5164979277530072,-1.6262161889505988
0.36139560550841393,-0.6146782066973113,0.7388548184483472,-1.300681312190275,-3.200342768738275
1.5380365664659692,1.1844931310904052,1.0256648208923758,0.6540202590987625,-2.122862902261064
-0.03582603910995154,0.11648114513055288,-0.6845508536866722,-0.4045531110334253,-1.4995494898955224
1.5646436558140062,0.8166084523326345,1.2774084147539297,-1.545293210387118,-0.6410282587681073
-2.6197451040897444,0.3217001172847176,0.8572853852692796,0.7799429615404461,-2.803990750651211
0.8219025043752238,0.5779638935542217,1.575477991516988,-0.5114365827884382,-3.5171134319896176
0.08704706823817121,0.737564824562218,0.44354747377359516,-0.7434556936156763,-4.221901837092609
-0.2990073504658674,-0.49304074437199213,-0.653379548354858,-1.3596624325343825,-2.2355959531375253
0.0917607765355023,1.0166705937569152,-0.020696006752329466,-1.0196644741107699,-2.6147364612692288
-1.9875689146008928,0.32628306764754,0.3763152906999964,-0.48838605944517055,-0.5937568561253632
-0.21967188783751193,0.25762654236422133,1.3503946145775354,-1.6857469697329468,-0.8507978933625469
0.3571125715117464,-0.14598565220411025,-0.2705050254908514,0.06452812246101629,-1.4597960660789804
1.477894044741516,1.20923251669808,0.7055397551346603,0.6071719315429045,-2.0494729044051954
-0.5182702182736474,-0.007909401887055356,1.9899427128522,-0.963980256244847,-3.4224206908787265
-0.8084936028931876,-0.08772181418870234,-0.572671855501845,-0.8484439876068331,-2.689990663567101
-0.5017570435845365,-0.5029349902198211,0.13350496802420617,-2.11898114101367,-1.3906415912701646
0.9154021177020741,0.42053592810169266,-0.42972742851591694,0.1580240345438761,-3.0478020271409827
0.32875110965968446,0.07728186789961966,1.058510903303495,-1.2787687721473404,-3.0015988782323815
-0.5297602037670388,0.4965635380631077,0.9913032008135796,0.07625854654731352,-1.6108797363101366
0.5132674331133561,-0.8317482728581505,-0.09539737291515246,-0.5713651067209778,-1.917194206680286
0.09707754934804039,-0.16681167258262558,2.1220551150066442,-1.9284158649683982,-1.2051541860620258
0.9686449905328892,-0.17457870258861533,1.4200728459577192,-0.6391165361715101,-1.561948827444328
-0.7020530938773524,0.9569440759519452,0.14154213769283217,-1.0679276053899702,-1.3935757852452637
-0.3276621465977682,-0.7276252126762512,0.47203512952447374,-1.9011495803261047,-2.2200153823716677
-0.39210815313215763,1.2410919818262,0.033876942622037665,-0.13580046933328666,-0.6274154101496869
-1.4635149481321186,0.11069000651875897,0.49215339769534416,-0.6973226163453425,-1.513197048975506
0.29612027706457605,0.5091993986140108,1.1970862311199924,-1.3740310643324865,-3.834916924843733
0.26105527217988933,2.199557960886791,0.15832347191801371,-0.9818750436363058,-0.9590192926158512
0.00511345664246089,-0.36714368345820025,0.1810792308854482,-0.7673384194811065,-3.0766772343223314
-0.23458713337514692,0.806552829731194,0.5225635811853794,-0.45495022804003793,-2.3934773640656326
-1.4153707420504142,0.9916681215462892,1.4203435301851015,-1.1820715498042595,-1.8936548272317164
-0.42064532276535904,2.7498409565124184,0.2798442774306191,-0.2895073064352989,-1.5061101880410994
-0.3427145165267695,0.9602734376171929,2.121891462163024,-0.8353278691745436,-1.5272624531782664
-0.8022772692216189,-0.6537614011904689,1.3823722577529405,0.12910486891656606,-1.184740919931459
-0.16128571166600914,0.019903853565373497,0.6418121355877554,-0.8296696081554873,-1.7588596647686099
0.4040508568145384,-0.3355133370467207,0.43557801535993723,0.42177979301735696,-1.3109451184736187
1.8861859012105302,-0.15240709761947657,1.2391751777192226,-2.153782243495643,-1.2993316533478954
0.17457781283183896,0.35003550886746737,1.2287545972045182,-0.5158021967289222,-1.3805383183532247
0.25755039072276437,0.6826043588002445,0.2637890880852592,-1.189688170764013,-1.8620284604764403
-0.07444591576616721,1.822016275031945,1.4271783816649788,-0.47058863092944403,-2.083788996199985
-1.9187712152990415,0.5071042356708149,0.33095944344860273,-0.977340745655275,-2.331731287737265
-0.026513875449216878,0.051380937168865645,0.6667939175580658,-2.814732314467781,-5.686315598905719
0.06023020994102644,0.6713231965467438,-0.6143302253512581,-0.29977570294613776,-2.93439768938602
2.463242112485286,-0.3073693434210902,1.855292884409842,-0.684150793192817,-1.7047773335565441
-0.19236096478112252,0.6096333580063209,1.2276126761538149,0.0031697084004145837,-0.6080062425677155
0.30154734233361247,-0.07517553272373745,0.002515470790640739,-1.00404251961232,-0.9684811128061555
-0.03471176970524331,1.6246105607830732,0.29626673148578553,-0.9361649963587589,-2.0124607135239843
-1.168678037619532,0.7115062289324111,1.6772455529876635,-0.0261808760228584,-3.5239448017017763
1.1428228145150205,-1.5748108980265083,0.6203023542374921,-1.6228343445154854,-0.7771796609961039
0.7519330326867741,0.6489221120965234,0.8006010888971887,-0.870520719585023,-1.6763627799120986
0.7910319470430469,2.4409236964690013,0.7394090219791642,-1.0852297125070542,-1.245072387385887
-0.9093874547947389,1.406113249941408,0.5855200832695262,-0.4448634943116432,-1.5815980150116171
1.4027943109360992,0.4596661539191171,0.9399966790780563,0.20823109406150328,-1.2484216945973587
-1.4018510627922809,1.0225946476172512,0.18274083104113326,-0.17462921447458052,-1.27621327604405
0.5868570938002703,1.2237536427856226,-0.05468281817380419,0.27545739378176104,0.5748519009963577
2.1904556258099785,0.48019475039365106,0.00774380263925023,-0.13720877541259519,-3.0327139217886834
-0.9905363251306883,-0.5703685472992666,2.077234760935004,-0.8777598212469465,-0.9060264650633112
-0.5662977296027719,-0.19145495993950457,2.0946469580546285,-0.8428687026320688,-1.5726284149542658
0.09965136508764122,-0.43375901534510564,-0.347342306587307,-0.5771943571499034,-3.617534094138202
-0.5034756541161992,0.7263684807300103,-0.5763160503550586,-0.888516204472119,-1.7373385867331637
-1.5506634310661327,0.5327357819113278,0.2090733989989012,-0.19528096302932257,-3.0750025057152923
0.06856297480602733,0.325391665796014,0.029991547585887533,-1.0057639726652603,-1.1691993400736305
-1.0623037137261049,1.6466650824367297,0.8467147896772181,0.7098232408423453,-1.0984030582870705
0.4735924306351816,0.7336854712201524,1.9493827681961138,-0.35809821879785564,-1.3090413707214665
-0.9194242342338032,0.41881483285420856,-0.027082744436564263,-0.8715090825506854,-3.8816958437449793
1.5499344050175394,0.3275204228475779,0.15324155505955067,-0.6781215777345512,-2.4670678863783824
-0.7832532923362371,0.9486528395972015,0.7607181829149655,0.20559609822257768,-0.9727652441942156
-0.3220615162056756,-0.13362749642895855,0.6621934161536542,-0.9233515980025269,-1.700980981755577
0.8135172173696698,-0.39147336710926384,0.8883587629558831,-0.6003825091472783,-3.480983896171028
-1.2308643164339552,-0.46833851036511365,0.22034454484518184,-1.078537792917802,-3.953967263765584
0.22745993460412942,0.109349025100396,1.0478522237101164,-0.2090624330095353,-0.2623923462669737
1.307142754282428,1.0521713730006386,0.8611617362487891,-0.4718000736060649,-1.9504119281331356
-1.6074832345612275,-0.00557007960569432,-0.1290610750628915,-0.8694315362397,-2.4438029792695413
0.1846338585323042,0.2570197294399815,0.32870320369797357,-0.7180675428263914,-2.1749424029985036
0.25988279424842353,0.2782048626148471,-0.4828756174195913,-0.42778431147453533,-1.0901985976814643
0.7818228717773104,1.0137181635282864,-1.0681661186631999,-0.2248385414791021,-2.5971661420771595
-1.236950710878082,1.8880624203809906,0.3733482408546561,-0.13871816437168283,-3.9223817556568754
-1.3204566130842763,1.622858764237276,0.6451634930058029,0.0303435800060812,-4.2982019385895995
0.5219415656168976,1.1103815255100111,0.3776292032696876,-1.440850097736253,-3.1282400612414314
0.29698467323318606,1.7320290509007437,0.6109651771044233,-0.12800587214102463,-1.019626223559447
0.25049285034587654,0.8518634013867558,0.667066821190347,-0.8440020759059015,-0.9700735829287455
0.3464482094969757,0.47575386018824983,-0.31838096652161263,-0.218894584298564,-2.4563205719142998
-0.6800247215784908,0.45874363004375485,2.370994688002836,-0.8598864052755304,-2.0241593602174457
0.23225369716100355,0.8238209360161016,0.7261892953301043,0.04267100981198635,-1.5853240930173
0.29307247329868125,0.3673142646242106,0.3148752847696614,-1.1252216952288623,-3.1165634974058287
-0.7143514180263678,0.33259458074725035,1.4777461722797391,-0.25781697401548453,-1.8743039416503076
1.8657745111447566,0.7615744143680547,0.7375311968017697,-0.20222506001116047,-0.6037858912277554
0.4738329209117875,1.4529492132962947,-0.17378646121349517,-2.937292519046296,0.048080424107391995
-1.1913034972026486,1.588574538995387,0.7450368913153598,-0.20446000458961372,-2.8410418348367688
0.6565536086338297,-0.1347878462500607,0.30727336746133527,-0.0724693434705952,-1.2047454104463378
-0.9746816702273214,2.5970579774120592,0.49752527159082005,-0.1475999030688271,-0.6616275715407951
0.787084603742452,1.8609772733499843,0.6454953704537931,-2.20963960186358,-2.1470381579670477
1.158595579007404,0.6930601374549772,0.5310040798213527,0.6175277385752977,-2.72410052812072
-0.8206823183517105,0.4505492302745667,1.5965715740069277,-0.8634220297266996,-2.7928357123146466
0.9633761292443218,1.8198275601725329,1.200547556023507,0.21496702593817418,-2.962625828141767
0.4127809269364983,1.1224443284283305,1.0172784147953964,-1.1494458712861821,-2.6502506645131056
0.82206015999449,0.4788371433299281,0.4893907043209299,-1.0491057426784263,-3.2134328969565082
1.8967929826539474,-0.42867945634381044,-0.005160468912290245,-0.039895900100775705,-1.529709732140949
-0.2453881160028705,0.2826637787482513,-0.4667474883020874,-0.5476146938709866,-2.1120362756042153
-0.7537361643574896,0.9451829619435355,0.7410370937010424,-1.181792391197663,-2.044891271523478
-0.8895144296255233,1.2257147443120888,1.6427015360678643,-0.7482023816975468,-2.7941504644144928
-0.8158102849654383,0.15697461560971407,0.4169893093006806,-1.1331834220705415,-0.019648336828681723
-0.0771017094141042,-0.1380501546145469,1.3644913874381441,-0.13337818140043456,-2.349426240677419
0.3411519748166439,-0.05576830900517661,0.10971723095881114,-0.09555681408061856,-2.3486072281296937
0.27669079933001905,1.1196665222496063,0.931177429489059,-0.27016268387214337,-2.9711182306480683
0.8271832490360238,-1.1978931131086936,0.3534256817361589,-1.6449373364665472,-2.7745915391253453
0.01300189187790702,2.3341164242623824,1.2255914165064816,-0.9958849610475997,-2.331591598697787
1.4535340771573169,-0.05150453070204623,0.24690934264133335,-0.8705280613324454,1.4872134370809964
-0.2646568332379561,-0.629726673053689,1.8174066243508145,-0.9866622659853893,-1.343448073602572
2.720169166589619,0.8120158899407026,0.23883353097118973,0.4732521754747124,-1.200602473589695
0.6256673477650062,0.0052768027651875216,0.968496448556004,0.35288191759478726,-1.5011492986226398
-0.8571575564162826,0.789554462662061,0.15198810687639375,-0.20193087968939705,-1.2341886874946815
-1.0708924980611123,0.5581546802612528,1.387784708378925,0.7922361004734166,-2.286661352572817
0.4824724152431853,0.23859851271906996,0.5996816615900062,0.7774965100160625,-3.627260734836983
-0.2234627853258509,2.22012484783659,0.9147323885919052,-0.8995816301430513,-1.0148649995203896
0.714000494092092,1.727613434147896,1.3065065359818429,-1.2113395110024312,-1.1705513179781475
0.47323762457354485,1.6848390303549985,-0.30724445431164227,-0.5381760839917348,-1.7081136484014778
-0.07282891265687277,0.3455848368276988,0.3464119908972646,0.4695024601932919,-1.6707728920930374
-0.846793718068405,0.11826454701419148,0.5118803916768251,-0.7510161400527614,-1.7954376554337126
-1.5148472246858646,0.3206130946120178,1.4873216796051982,-0.731194305116042,-2.006378965205506
-0.4465149520670211,-0.9970432131834104,0.12133015093862512,-1.1294332562767124,-1.6080787775511385
0.8563987943234723,0.676207944019771,0.73887954964868,0.5627112634866566,-2.5973585722360317
0.21409374413020396,-0.9167219916067832,2.6107372710436376,-0.8363898531599024,-3.4937424093543363
-1.245738778711988,-0.6803505985524623,1.8598290967332214,-1.0231247349243422,-2.257962646170231
0.173180925851182,1.051109722303884,2.6012611571531363,-0.03175492651332301,-1.4590817940328615
0.3853173797288368,-0.11937249117873205,1.8393266213888921,-0.2737590229645538,-0.5812631778661865
-0.883857436201133,-0.27195194253800975,1.2016848827406683,-1.6502286658687932,-1.018258286593135
0.1537251059455279,0.4216896463550193,2.435340955248784,-0.015969202235504742,-0.6084571486559955
0.058208718445999896,-0.2658277506246994,1.9781224265860577,-0.5385203476460503,-1.733979981280543
-1.142970297830623,1.3375605828548107,0.6806998947031926,-0.9689240610989814,-2.993682940908917
0.3577873603482833,1.3063945120324767,0.28923206972308846,0.03111807531890398,-1.12645898532897
0.5607845263682344,0.4461501545825367,-0.25074729270907353,0.18410634257907,-3.114239956243971
1.083051243175277,0.5746544093157024,-0.3617226699602163,1.1469686460401987,-2.7346989211210073
1.053802052034903,-0.4679415504900147,0.5261636448164773,0.3945786013771939,-3.0735890315066148
-1.377669367957091,-0.6072152058509473,0.7310611626038536,-2.626303583629282,-1.4155220098360992
-0.9378250399151228,0.34781026981185803,0.9107112108172827,0.18929842553605958,-2.313813195470133
0.5150352672086598,-0.47889269453092564,0.3688341660569777,-1.1866287713687154,-0.4599284422711256
0.5137859509122088,0.2512955286768519,-0.892700628645684,-0.49264964159978636,-2.19578271288855
0.5150476863060479,1.248429467835996,0.27388101277314786,-0.8184757815529425,-1.403238452084998
3.852731490654721,1.2941052914718971,-0.24918019332590374,-0.41782551855996936,-2.988158232971062
0.570890510693167,1.7614995177339512,0.8425340292890088,0.45657232851907226,-1.9044984268454348
1.135565640180599,0.10606730932047725,1.2786444476555507,-0.9672061271125132,-0.711057162734831
0.9540017634932023,-0.06194312145495906,1.8297784140085338,0.1184893027686775,-1.8823450693274273
0.651391251305798,0.35808154183453805,0.236036671453838,-1.0559083485141691,-2.372072238229008
-0.3152692446403456,0.5344296514329244,0.6373086301769595,-0.7955427598580906,-0.7086911592386576
0.7589692204932674,1.102103412436246,1.7922556300090347,-1.3300667290440555,-1.3918638240807015
-0.7728252145375718,0.7921121869702474,0.3485111301732098,-0.2353168846483276,-1.3483246264043531
-0.23681860674000887,0.16195335021828647,0.7036029048424617,0.24193393467864888,-0.9821769913258895
-0.48536354782910346,-0.794318962633466,0.4318322093867484,-0.2802846992598651,-1.812871508925504
0.08187413938632256,1.4211143347401791,-0.4002959613067676,-1.7575836306437964,-0.9434869177876397
2.3146585666735087,1.1197973326027832,2.2005884873767143,-0.8197708882483579,-2.281309353819319
-1.867265192591748,-0.20633499656104956,1.0988705739778981,-0.029095379332697104,-3.6573650929229604
0.6862601903745135,0.9695546045320359,1.137270706035464,-0.13878313657704455,-2.1847316662924934
-1.6127158711896517,0.1842819636011438,1.2321649979245217,-1.815568506193824,-2.297761146378887
-0.47193186578943347,0.5739173399428822,-0.5257317292515998,-2.1537514995585783,-3.6302848530339418
1.088950596967366,-0.7927457370186168,0.533570485250462,-0.7112285975147139,-0.6872692441962189
0.06428001909546277,0.9873461832035548,-0.33201102723398723,0.4341894866607393,-0.726492330925637
-1.0777447779293061,0.512661269421018,1.27255656127483,-0.12751561062448882,-0.39722753511527964
-0.7153037092599682,-0.5423578597614441,0.8018773835149612,-0.03938131542695544,-1.6451864621136747
0.6795977489346758,2.313381600773063,0.02772014287082101,-1.1474248730915488,-1.9002307763009116
-0.7303666317171367,0.8730423700635226,1.2190900130754212,-1.3424909655206119,-3.6384754858616795
0.21645858958197486,0.48173978645389703,0.9336374636581024,-0.6228228042390583,-1.925650550882383
0.045571839903813784,1.3905586648595942,1.2298459228243295,-0.7765879299946079,-2.426541187251782
-0.6516003476058171,2.509256262111606,1.8702337753655816,1.1662041165170258,-2.070532745313884
2.1439440893253257,1.4093934244891835,1.9324188713009733,-0.3791542043173418,-2.1796264603087576
0.6339190223180112,1.7044133510495412,-0.49658976632412644,-1.183158744331653,-3.7914644468275687
-2.025142586657607,1.2509991679245889,1.6342873163748792,-0.8128053382801058,-4.722458454576418
0.18645431476942764,1.051311218749306,1.2368074231169264,-0.9714677483803915,-1.5103265101925
-0.661786464768388,0.1472111274989879,0.9598205966389959,-0.5690238094753125,-2.3018136016567636
0.852433334796224,1.6665836708477393,0.7369983371191886,-0.4971800748755709,-2.7113094468716055
-0.7925207384327007,0.2092994908469834,-1.0113009916145848,0.035240726162797345,-1.3625886786150394
-0.11473644146689901,-0.2424814458260242,2.8814856793644594,-0.17994885093721813,-1.9042845841001916
0.5049872789804571,-0.8990887919935576,1.715571888892301,0.11440264348291018,-1.4568501660427697
0.8657551941701215,1.8030819452228757,1.2684782068720304,-0.029240758540832634,-2.6604748611310427
-1.2002964070557762,-0.607428426939636,0.12979526329132715,-1.1443421851058138,-1.6857517990610846
-0.3345012358409484,0.8354450507564708,-0.21369159180146857,-0.28719339869551735,-1.25672083801796
-0.4749453111609562,-0.5793678529795154,0.4583240840545856,-0.7971846344718602,-3.423700310798373
-0.6533292325737119,1.4645998326196543,-0.6082225783055599,-1.6532737991159965,-1.709599131076885
1.7654542402810969,0.045771423063721894,0.4639962010224497,-1.6215638468921747,-2.9169807524104234
0.40498171096095553,0.5313005827731009,1.5777725583652167,0.20566747719816292,-3.531395597556279
-1.2608839543350452,0.15903272013390432,1.0984254564839933,-0.4875675974166223,-2.011680709495798
0.9178619470547761,1.6332742901213384,0.36494067837337024,-0.2496331584943309,-2.388716196923255
2.1221561970126332,2.4514113037029404,0.6476260599440247,-1.8516003324666623,-1.299140831257854
1.0324652605511468,0.2686475394231662,0.27488296663197587,-1.4013668566505295,-2.8174646385658235
-1.5193699659540134,0.0659504869605737,0.4355937420432936,-0.46605972583341054,-2.0177765421812754
-0.48423407286625136,0.6504565896816383,0.697578511598077,0.27987333919218504,-2.0561485477108996
1.2669111491866227,1.8341883533335674,1.1968570086771535,-1.1141057210563696,-1.0569538821781248
-0.7076694656187807,0.027013945182273014,-0.19756461553998395,0.13155459744986608,0.24156863329641798
0.44381942814622843,2.2734503353961744,0.9365535404311204,-0.7971421666250952,-0.6578407567571887
0.7746340534293368,-0.09256123035071942,0.7026573748323213,-1.866697981993895,-3.535681587671129
-0.926930471578083,0.7069105984707368,-0.3552668502098854,-0.25649298513112895,-0.8896746064052066
-0.05952535606180008,0.32819751731832686,-0.1208082194478464,-1.077099711303291,-1.2914557013539008
-3.2412673400690726,1.2299242083371662,0.3313815998512808,-0.31422080094965626,-3.059339916838251
-1.0243876413342898,1.4017119572464107,0.8139541077272835,-0.17634228266644808,-1.530980011160934
-0.2525681513931603,0.5828797287422972,0.5204746904546612,-1.324077397692336,-3.4752067103825173
-1.2477831819648495,0.24389664832062874,1.8889684815766126,-0.7585864823844342,-2.0352236692448105
1.6324113039316352,1.278708099498714,0.5694483199646043,-0.8680078643419816,0.4989602057321658
-1.4301413779606327,0.45381639972166954,1.4214434538303977,-0.9932616208661875,-3.7233106167370043
-0.44004448669698376,0.8833961353053053,-0.4293794746859726,-1.6479986008849883,-1.3278284882701534
0.13074057728609134,0.859796790500104,1.0534557110882166,-0.32850868647812476,-3.2437521792815867
1.4412732890661155,1.0413766023188054,0.25274251309287554,-1.2749701879826731,-3.0578350981850404
-1.4358621511794394,0.12298030635524909,1.016861388674089,-1.7417814508833003,-2.2268385960463584
1.1631637521549596,1.2627764287986771,-0.020225878977369494,-0.9472168336934964,-2.3790471648823077
0.010233061019587049,0.21114988939687046,0.0010909413802587808,-1.181674442314053,-2.464409574397107
-0.9815086510479509,0.16625883770306205,1.8838782373829837,-0.1172714282101866,-1.3312240270081868
0.46210347426327075,-0.6255429997584462,1.0716161470803667,-0.6049067111721423,-2.669525767473002
0.19905969557347003,2.1731607944562334,0.641710737043941,-1.7284181377288206,-3.139843297047906
-0.6002168771587947,-0.48173086240706575,-0.42442505273491715,-0.9488848504424928,-0.9928761663278829
0.06980208499001891,0.5903151290125301,0.02844134751044597,0.025175887414908282,-1.781577673332416
-0.3853135968617602,-0.0824449182325403,0.6628985118913944,-0.034227434581341136,-3.0119655641507794
0.11351734525124804,-1.0620909672672443,-0.44411701049655683,-0.5963459442000233,-1.6929151112764496
0.6621306745210467,0.5685978497218525,-0.8136543284235095,-0.4452821916194069,-1.1259479209008918
1.586016816145352,1.3272028946864052,1.1477824696013896,-0.34417505897352396,-2.088267535708768
-1.237815498826849,0.04789902330244833,1.2690348046569193,0.0663182515447539,-4.597816793234519
2.1330333746562666,0.8939772117681425,1.7314037907492041,-1.6765216195595634,-1.9319043063304575
-1.9520877995225019,0.6742168173024561,1.3636559346465922,-0.6877635665144717,-2.1645210287924153
-0.15178509503558332,0.8317164558747617,0.528525774558386,-0.43552083693705845,-2.0013325883110045
0.5883172064845765,0.2066797744458994,0.07311608262238006,-0.7467646399530335,-2.738851267129478
0.28099186773503265,1.2183540196594365,-0.31480908794162565,-1.30718122234634,-2.1434648007917345
-0.6226995198205938,0.6362205143978131,-0.0962670662482063,-0.9322899878720998,-3.1237396148716874
-0.20812225035727522,1.4572353764827009,1.4624145876922658,-1.4433475997219336,-2.407363809947644
-0.4930009346588328,2.5031214258504457,2.3086745891426332,0.43363717838281224,-1.2743322972220832
-0.5893647569442115,-0.0528990826073815,0.23929290211102716,-1.525312421251376,-1.141787370086896
0.8496020970210246,0.0767345639219219,0.1656151796502922,-1.0059787344626576,-1.6493723791772716
0.35701548596504734,-0.4980685376473861,0.33499693710177014,-1.7611915425570217,-1.9386667693412718
-0.6929095952606542,-0.27830860585124695,1.7418343028608896,-0.5172091735811766,-3.2293514134959898
0.8995998754332507,0.9615066205267324,0.8095850321517286,-0.581601293570886,-0.7482159105073349
0.30729952087660933,-0.7280314740466503,0.7166685396888526,-1.2604212984811656,-1.7871155115448958
0.8128621188389601,0.6353943696013199,1.5058338341849575,-0.7717299040259302,-2.214790039321428
0.6296288419236122,-0.7730441278576049,0.5066899881013798,-0.556914804600958,-3.936198777152031
-0.8289950109220723,-0.21326964384767372,0.04672280395726994,-0.05070118573415493,-1.2363131580547302
-0.5601810401969696,0.06268365817464061,1.5379094940969664,0.5391569231261597,-1.3747239341229056
0.7472936051232618,0.38774676352904347,-0.36010270469716055,-0.18195937675418505,-1.253422986876239
0.6103702654334648,0.39090325698598377,0.4632862188685015,0.16493011758734505,-1.8427938816390204
-0.020901593964148132,1.7394163592697176,0.1907404938284747,0.8661047112764736,-2.2051613036098994
0.117327383308782,-1.4271451397787382,-0.003225962822780093,-0.35762113173120513,-1.7504243255015077
1.277664895788425,0.4289784630232214,0.09318093454510806,0.34223751653486234,-1.6758177738188396
-0.5915713888358299,0.12997889241152982,0.7069360533314646,-1.1839902613559123,-0.42840053572154035
0.5470973811700379,1.1630450526519702,1.3561645321433118,-0.5935345105033375,-3.7356186645853984
-0.20219265243389406,0.948349900706657,0.2579642065822148,-0.8303234119742298,-0.18351786986071672
-0.2176812032272203,0.23422283731847854,0.9587728802404367,-0.12398513204089615,-2.6190101709374014
1.09877685198719,1.8126878940464402,-0.5943593540897867,-0.3541523414827277,-1.898085417193696
0.8254163489880298,1.183432616257599,2.0101093847926865,0.01772003143966039,-1.8678962203356222
0.8135096360006385,0.7475644334544744,0.6316394478281812,0.1803478427392573,-1.7973800745566335
1.305478807154329,0.45560944550613053,0.5277986923174478,-1.1573066218908126,-2.228243014479509
0.02100384163275905,0.687090354775174,0.9044905726593826,-0.6139441976484636,-2.0024998557596
0.6819529712949639,0.22378783158345483,0.6702738528138932,-2.54594117883438,-1.51628280892107
-0.31026675659345604,0.6410574157400939,0.19167464330010697,0.10990797459364637,-3.015644784190504
0.3241663524884421,0.8265569043213814,1.0191398261030264,-0.6921897912215323,-2.4818263632644744
-0.13014305436768459,0.8783913813739262,1.7437047779847124,-0.5083952391036338,-2.413125546591874
0.09699596499271819,0.33755807035236557,0.15216732877124173,0.4983896429840621,-1.4671939809510581
0.5951570254369136,0.9159102896992313,0.8117300732197327,-0.9928574328630846,-2.8608223028564637
-0.8182206832334725,-0.2557664818787207,0.6119218986952465,-1.117262240387129,-1.553583214006085
2.0923872756854602,1.4863675657055793,-0.3825851321726019,0.5494958012550553,-1.7419382410659023
-1.006017381499702,0.04394291360577017,0.49551189683903873,-0.43774288839290243,-1.0895019223187536
-1.2141886127877322,1.0118825581699813,0.9702008809127091,0.7759990758377552,-0.910597748447999
1.1581108735000678,1.4294093788065116,0.33234346194953945,-0.14410516884193775,-2.1757814181451725
0.7916626939629359,0.36700759497469093,-0.00922222338690365,0.16215519604714207,-2.2604463239996346
0.6241198170521551,0.427232290092835,-0.03394240117897107,0.37645067056043074,-2.327056428463907
0.6283455092642799,1.015079197727484,0.47167930648067824,-1.5151485604449424,-0.9031277911384346
-0.012246772846914623,0.9349203152074641,1.1382557627832457,-1.1794802851497574,-2.4854929184764893
-0.8972543714858315,0.8536478652016772,1.9260782588255485,0.5412511936869582,-1.3311983971001704
0.07580455819372633,1.1789673076953704,1.7414766982809429,-0.4590251587825935,-1.5969916299149396
-0.6771617115121117,0.8628841770691528,0.5882766524746161,-1.152967447829352,-2.4077771984785024
0.9751197334177512,0.7089415395258489,1.426927564383544,-0.5785810350393235,-1.807422498319431
-0.14705738150213865,-0.1375013470952729,1.4748167432015888,-0.4609764748776263,-2.850548881891
-0.8254971967925115,0.11709700222207264,2.057837687088737,-0.8097026012612571,-2.7036407005143004
-0.32138584165299344,0.19032803679655888,-0.15520406102811715,-0.42017682685089175,-2.0954827990572427
0.41293145427562433,0.28247638895314614,-0.7262282031854792,-0.36599586538211704,-2.2763777258687923
-0.5637245528039747,-0.31808227373205455,1.3186281711342442,-0.6663758901342557,-2.4803952900003745
-0.8222203955664315,0.5888979892651839,1.1095669340524097,-0.3632528227301919,-1.9970846729569665
0.2436872114919123,0.28543091907514817,0.09547731605778578,-0.419014028146684,-2.486645768839467
0.24496657110872277,0.6542757545697666,-0.22675524604118602,-1.336380281997433,-1.429859678851093
-0.5069431753711298,0.5271575645974005,1.5920505866560732,-0.3754912233625916,-1.6971947558779916
-0.4710383056183228,-0.7458820416700926,1.1654009977607553,-0.29176864602528285,-3.6299648316235045
0.2320499373576363,0.3607107317043199,1.3701184774814004,-1.3515913559954291,-3.5592249213869627
-1.4480843414973241,2.211849521410064,0.2628988694069862,0.011144882123864719,-1.1946896064219175
-1.4074637743765552,0.11097495990649064,0.4458105205990853,-2.537520392666695,-2.197479854753119
-0.718444221252436,0.54492392717415,0.04326551622513097,-1.014464968802036,-1.4421704344079576
-0.21344715171184725,0.43000916574961234,0.42504132245072024,-0.4282365879767271,-2.4662675926890048
0.3109075655980046,0.15282314946892261,1.5616558165479595,1.0313581466398216,-4.083583170077363
1.475356216949552,0.9183144212269094,0.2573078635292922,-0.8881721651422404,-2.3186281612768394
0.8576596232020194,0.8604684573764524,0.2182208288574066,-0.8903547395562618,-2.4084756149437188
-0.1599385299634271,-0.3571119196952337,-0.8637564899334912,-0.5596440456265309,-1.5786667255715174
-0.01901620790268883,-0.3886585985896425,0.26986400117863735,0.7032117564352401,-3.1261289639894825
-1.0025293646378088,1.7414798990436,-0.2592810882459905,-0.875117075576552,-2.9368299749346463
-0.01851313599238993,0.6525908421477777,0.19131611068225857,-2.5482079724548883,-3.230498638330878
-0.2886586389201383,0.386365005468346,1.9509745102036153,0.10401414841738454,-1.141417453565013
0.3227185603380895,2.289131051653243,0.7092919923987773,-0.404153235382986,0.7172899863147548
-0.827230943552323,0.410564980972414,0.4378589659618352,0.6029109935834361,-1.6515086097728777
0.5193465142411723,0.7037585793897793,0.7891137451128658,-0.5368118882857722,-4.119589558456388
1.5327389130025777,-0.4812635058016854,1.861367937788653,0.5289756870942367,-1.9189481468187983
-0.1087601484568576,-0.9355673006780588,1.3391782819563274,-0.3358231682511864,-3.514670901402827
0.40171172209894146,-0.02846249451647831,0.4646671423277179,-1.1507490764788488,-1.4156660685678042
0.6901439917111125,0.46210283957018844,0.9208913523737499,-0.9294648535631667,-2.559885633384422
-0.40122047188583626,-0.9143945199580937,2.788937203382451,-2.2373923481753204,-3.088576753376022
0.22409248181041677,0.3806227901477226,0.7291259213386374,-1.2709172988163246,-1.316025112378143
0.01259240078179486,1.8390556098205884,0.16587320489774565,1.0239946500749313,-2.8529405968134753
0.09767609854883172,1.0790579160671978,-0.03980723654393625,0.04856386008981839,-0.978230745531198
-0.7730097838554665,-0.17659587012518152,0.23290120326468083,-1.5588266386475076,-2.771780715735317
0.024510174258942714,0.23283818320486932,1.030847569064242,-0.8899781926074444,-0.501546321469925
0.49799829124544975,0.8977437507859678,1.297434020773753,-0.8323394429308932,-0.11267621209673662
1.4511436077950417,0.9074847253178792,0.6014448494735214,-1.5327614969935073,-4.890141054690451
0.9592708260852069,0.8564031440568403,1.5787507073979177,-0.7633981014787814,-1.2924560160216538
2.1531824575115563,1.8402216636048347,0.8484365073844574,-0.4543666340042654,0.7633895497629521
-0.7673475628880495,-0.8194790470383211,0.49370353170222575,-0.006117414665535725,-2.5487041404354263
0.8723206367206782,0.7370803115064577,1.5483761905813895,-1.9416346307047956,-2.6357198867716507
0.18334200573835174,-0.12252905125251112,-0.33019248102968124,-1.9074224114154115,-1.7351620726398518
2.1898029332176723,0.726245972075549,0.5847806286815324,-0.003638404269160067,-2.6361331113043356
-0.8082982853551515,1.5262213770495119,1.0366833259706811,-0.503638882228583,-1.6424438597995226
-0.8397218421807761,-0.14666989063718971,1.8885944259731549,-1.6293951609676727,-3.4062301243350994
-0.5993926454440222,1.0048745833526247,1.0883288374622269,0.28220537473747187,-2.27690886999352
-2.123895724309807,1.8275355524855836,-0.19302882938945837,-0.4703766732652096,-3.3103146754965858
-0.525755021680761,0.48091985784949487,0.9642886368869982,-1.4717894414177655,-2.0224257497499316
-0.759132661553698,0.5711677505695528,0.5831997764504719,-0.4570692452331445,-2.1656668784219053
0.15039378647620763,-0.28876060211302296,0.6935323501211291,0.6840377102158024,-1.5583570664900015
0.34175597577715944,0.8082262530567377,1.0598129698333913,-1.1376469445453825,-3.196303288473798
1.8761708392158862,0.533718218055698,-0.7296840870004816,-0.4695891051130118,-3.678288014786852
0.9504238381860503,0.6224934048310865,0.7978201096459016,-1.5745562198868492,-1.4620739013612813
-0.5769036556624031,-0.13889998818967986,0.44037095791644276,-2.2309544683518205,-2.349712867719633
-0.898414671348358,-0.9015285263273185,1.0265343554000481,0.49520130542566765,-1.9618319670073068
0.4919191715065057,1.1267254278114769,0.21317761636412913,-0.13665146043234475,-0.9530721895669179
-1.3202332070206422,0.4831113923906427,-0.11836243521226397,-0.9676354955480768,-0.9418685016735828
1.8314587658543537,-0.3362254532194638,0.3584605267456572,-0.4929420752600575,-1.0267202613875965
1.179440120721287,0.3264425077552637,2.1070160091549854,-0.673281962675805,-3.930209178288428
-0.4691756521047048,-0.8384845411615429,1.9062269211513003,-0.2193658530778519,-1.6362322481108547
-1.7131345290908775,1.616902741716132,-0.07892691513053435,-0.1345764265438672,-0.8143476225075217
1.3538723741654128,1.394270973499358,0.704175031268041,-1.3230556110441576,-2.1341558689952014
-0.11453984525261789,1.0276574487208514,2.4890677371914807,-2.0630460893189233,-3.3714201360027314
1.2378163119734618,0.43941635205347357,-0.1864859788027115,-1.0545084326282166,-2.619143374789622
-1.594427658794367,1.2601446059001267,0.6792023313925681,-1.1713946018285244,-0.5822238262512238
-0.5993750229537729,0.5160334671920489,1.0686689794818365,0.1209389487528259,-3.1767213241268624
0.005243699718183166,0.5096131993057571,-0.32508769966480816,-0.6474596206289635,-2.3978211648049386
0.046980593764742055,0.34924736339536333,-0.11112160260499507,0.20392462099000647,-0.8502697116210034
-0.45006547147924364,1.8627012909411023,0.29331917117104717,-0.9977721747956723,-3.1839485271669785
0.6228499323474987,-0.34170866756927265,1.637190431338295,0.7363974259988814,-2.2365010485298717
-1.0676204293825944,1.9262476307733665,0.5036012155588699,-1.2286882664892693,-2.1225335641898697
-0.1423794850212935,1.6690353564238434,-0.10854153385570657,-0.7870919715052465,-2.3465907494073197
0.12029563171189886,-0.3070406437125993,-0.11493175803854197,0.07200634978807369,-2.9555825499697144
0.514438834058749,0.958006875294492,2.1891035013849356,-0.8297399867473504,-1.3381400328874469
0.7116148780888898,1.533553516090154,0.9323102597210127,-0.681883842295036,-1.7713073823187957
-1.1246420918378692,1.4461018345156318,0.36925818222582696,-0.3811090635881101,-1.4477088913305258
-1.5341141707356223,-0.4177757196681011,1.069955284115173,0.3646989067163483,-1.8115445101543362
1.277676821898509,0.9847928078773348,2.0779917901933826,-0.545153806518669,-1.5002893316487833
0.33231401197959165,-0.20838825562489371,0.3465285862066608,-0.7925047262928269,-2.5639441351599768
-0.7484865365565536,0.8691736017621183,-0.21542737375625248,-0.9136281800672819,-2.177669156101293
1.551151975522523,0.41314938270893037,0.8449018837403923,0.39423011088761695,-2.351095378118079
0.11567463429285867,0.427847290336799,-0.9085201299840757,-2.4627712996648734,-1.6357598612121147
1.1792971840638264,1.3937855563567685,1.2701455482755277,-0.7471349092938748,-1.3162900875631127
0.06751848141010895,-0.5165136859272226,1.6733089473834575,-0.854006044013027,-2.4900340405524584
2.060747924881987,1.1028089681555941,-0.2544240382640751,-0.6589211346151927,-3.346720884533978
1.7553408424432044,1.5803425259232196,0.6666864832191225,-0.534618260263882,-3.1663313346002377
-0.2489641484790735,0.4243480622131458,1.050695970014119,-0.04791070640068973,-0.8625250057670286
0.9715709509543554,0.6502106241511382,0.8726422992354507,-0.1521408020260597,-0.819602299056347
0.6453759495851475,1.803030553361554,1.9772887479737449,0.15764195439213433,-1.8619444103303298
1.3686315575323487,1.1090608555090673,0.2568963771089018,-0.2630105297258328,-1.4559568849651332
-0.9649234605801045,1.9062775322895409,0.40450041043303786,-1.2537658825940565,-1.130773573995413
0.6860514599984393,0.85814228426952,0.6836535886175601,-0.8492410957255552,-2.2577866761955563
1.0584244868495878,-0.5926074935480579,0.4264436000818115,-1.3920761583942287,-1.7079716636291022
-1.7587394864231143,0.42954991781060936,0.6485315317815133,-1.2172232123827047,-0.6776854427370633
-1.183258512665775,0.6072575802169937,-0.5998197582982856,-0.22210439288254624,-1.3987032208615262
-2.0392321777601006,-0.08230380672829796,-0.11711351118875246,0.9387273675660359,-3.4808369324410458
-0.26940683444455776,0.6208559249989772,0.5602805925378403,-0.9109103299763706,-2.219679489017186
0.7175422557959623,0.5487257284988735,0.39296660170437614,0.4558245829661464,-3.4453948675128356
1.502357052096028,-0.02789845626361033,1.5839809480389184,-0.49740472320663986,-1.8561235012246355
0.07409478041977519,-0.039478482370677276,1.1257194073616177,-0.329071011416046,-1.1838808526857938
1.6286155455712918,0.272454568425582,1.1282928754784143,0.6987967391886343,0.13068881197561444
-1.3801014582148914,1.7449988622791879,1.2131300758649581,-1.1410988501308512,-4.412541478806753
-1.7033824393551547,0.0694926219700776,1.2608669018651821,-0.004105154923444543,-3.6386683352641986
-0.05554769889661878,-0.5369351841776321,0.5209834416823255,-0.34274684520686416,-2.3459874308121167
0.3840654489393073,1.6673899077633987,-0.631611471341887,0.5528994274684643,-4.137917411319423
-0.03269474809409311,1.797566907126244,0.3871978177178743,-0.45573259222774876,-1.9912362283409926
-2.0674421000398766,-0.7353248522604324,0.4234359535724584,0.05958639294617418,-3.445831188882255
-0.08912003951278841,0.4956302503573043,1.6991413331592857,-0.9503340071590858,-1.6357834292908944
-1.3044695005048532,-0.04259231186110218,-0.49570727048501895,-0.1937858125276647,-2.5867020734225443
0.6696725488300385,0.30472438648022804,1.371700383941882,0.31351367721892776,-3.086258818306476
0.36659824609684827,0.19322809936759694,0.5799537511241389,-0.6981536555790511,-0.9618337455348529
-0.9398797863273552,0.2761944851010742,0.6143652841143405,-1.7270707041531734,-2.8497299663157936
-0.5138669173366935,0.3890374266531781,0.0559167168309847,-1.515852069582571,-1.1521235790531854
-1.0592135218889516,-0.44876848697940314,-0.4860765203727409,-1.357009282246589,-2.0341350605984947
-0.06267909727317188,-0.3877794536140331,0.6719825966797183,-0.21629360656973387,-0.6370761188987908
0.9551423205012383,0.6999928821505145,1.3203393181327006,0.4458932612027754,-1.0742783147353765
-0.9857260463355437,0.13295391723768354,-0.5315081791358824,-2.027594161693472,-1.8367781300616097
0.5040465155178444,1.443617322753729,0.3019424632482093,-0.5785776761719443,-3.4845383921938167
-0.5302576183724408,0.8772411173885835,1.7342821027628208,-1.6477848240783972,-3.450404365307395
-0.7928728322623442,0.3024288985725081,1.8683334571792423,-1.7215232661215634,-4.193472917069758
-0.10703035995455783,0.16724161987330272,0.2640582958013694,0.1325736455796802,-2.0494740947411696
-1.035242322419374,0.4430752575560657,1.0525876889220531,-0.7833720833467042,0.07283276866996458
-0.553649305347182,1.2904643267844373,-0.8449657531230109,-0.4749354297833864,-2.152232993253957
-1.1978778925888485,0.8156169448193463,0.6076350618959935,-0.23817017901642046,-1.7555628198886748
1.9647251329163893,0.05135608866320821,2.070241610596993,0.180764835915679,-1.4329378037333995
0.03526355197172861,0.40632506940850505,2.6044811596483664,-1.2530346072228142,-3.6321462144402594
-0.6997255079925856,-0.16973106606381244,0.5980477559866532,-1.0004437557029142,-1.3412389784904688
0.213979910734222,1.4618760069635286,1.4966557608951416,-0.9547762865053485,-2.8462168617202948
-0.11232804969082982,-0.1551050741949983,-0.17588775753133273,-0.9669690267107951,-2.7664706485026667
-0.22096959953322298,1.0323691543578002,1.7536868753313772,-0.46649174863697823,-1.6276071104736387
0.6141667000434252,0.7221874651976297,-0.12888141713761503,-0.7155783500899715,-3.057280677796446
0.7575077100473051,0.3175530305132168,0.34145829881069695,-0.4754393390176396,-1.6583906516336224
-0.5305011476105275,0.425224977882372,0.3186071476408881,-0.5661786042092902,-1.63914011245962
-0.57581824064468,0.1881796191163541,-0.03294451247142108,-0.47180818783720263,-0.9346435084950013
-0.275051697151644,1.6071987313439524,-0.10322202180890479,-1.2400835169955047,-0.5048740354392256
-2.301921164735585,-1.1389099086289631,-0.6448384861234681,-0.49218109212310285,-2.671933934205323
-1.5151910621985523,0.6278760927589256,0.7618104504068908,-0.3824217666241484,-1.4715139102333716
1.3668742674445247,-0.9181227479510023,0.5805976214385462,0.90440670805309,-2.634885988779338
1.6449677135012837,0.37640721181685755,0.12742647854836786,0.8735991577259243,-2.0890054526363673
-0.24903603955637832,0.9650641381657608,0.783688117675357,-1.020172947873247,-1.8528361086090286
0.5765569630557664,0.24479191069190334,0.557780775071784,-0.7278401385482951,-1.2404808286591293
0.3112501545435361,1.2879977781376404,1.332337584098427,0.488577262924717,-1.299993707411606
3.0788808084552377,1.557134730540718,0.18631849637079523,-0.26594657382683984,-2.10581952230784
1.1195749114345768,-0.14241457931778234,1.7381062749062788,-0.7509285986157189,-0.3279575106752455
-0.12791759148076653,0.12697282385815872,0.9140315554258296,-1.2461552249977124,-1.0981210372171988
-0.9555404406004258,-0.8807045501807689,2.0074058408616073,-1.4996857008891167,-2.531031291262065
-1.6064463202575725,2.6181606285299353,0.7694356260117752,-0.5603579178202177,-1.9831061521628406
0.2034636358672231,0.8114158574552477,-0.25356052720807476,-0.21508701443239248,-3.910954982042924
-0.7563507452843033,-0.20341890160843792,0.8596868758283496,-2.3738951707815814,-2.2706031654632923
-1.4222537095976742,1.2682827142046482,1.313299059140973,0.7658768836211262,-1.2258313975340402
-0.6465728842425266,1.3099179003642796,1.5065615334864384,-0.23810802732142167,-1.902739941296701
-1.081548003614395,1.333439892418534,0.23268007279464936,-1.1368528036430892,-2.3962193819062536
1.6871416350725648,1.1118161455985645,0.28051158456411296,-0.8151105093563003,-1.7017919150229386
0.8816397569494505,-0.3570753313807362,1.3285474994946647,-1.0526440829840311,-1.50276938224349
-0.007972641316617372,0.4176502323036286,0.05275475718446396,-0.4019088735000834,-3.229533854078154
1.4799441388900259,1.428953058322212,0.7087704633330658,-1.3529598305046828,-2.052870192794822
0.0773683076476183,0.7492197162910351,0.08595997548123646,-0.8465466608505046,-3.6907900377296112
-0.8612842013282637,1.107648878108794,0.6998173696976305,-1.3648092492317327,-1.096661100444071
1.5231240772696573,0.29585094823723246,0.9008064061307048,-0.9276664481788387,-1.4014668473003362
0.5389100436846587,2.031409523965597,2.540586888370589,-1.2730089976227603,-4.248666404047576
-1.0372461543264564,1.3377383340346405,0.2319089370707763,-0.6601403872053705,-2.376727227013198
-0.1903386780836082,0.7059315431632975,-0.5573158204675522,-1.1978211157269585,-3.0423811860452625
-0.8756182533847572,1.2894065721242367,1.3559108927059038,-1.788977320260435,-3.9207148605571724
-1.382799730964336,0.6671776887007167,0.9591870813927448,-1.5294670055663955,-4.085338800546532
0.9261775475316414,0.9597763909575596,0.4505180209297811,0.09571907071494923,-0.48972870243927114
1.9094166404701305,-0.24342708131008023,1.2721931727749647,-1.114931574268734,2.499514754351275
-1.3985675738191412,0.8282802776423078,-0.840789222220975,0.10565585449727785,0.13140859930945603
0.5629692366905709,0.41433189105283835,0.27168980693327954,-0.38995408577777635,1.809263212267818
-0.6506425691218269,0.8558776586881602,0.5362530792580402,-0.9933582105900318,0.7615527604714383
-0.48712538376469605,0.8905928034792452,0.9315041145850506,-0.8435418395715276,1.7526499643458144
-0.5923939242388692,2.4990605658145055,0.651736365278464,-1.5783513049360556,3.0531237683162584
-0.863990769679816,1.5441306973495643,-0.09657942549551021,-2.3791461571600023,1.3150409704032613
0.04852162794482699,-0.8434151708824504,0.7810865927147412,0.4895568810220102,2.6284876849462866
-0.8309501164110378,0.20370222791539327,0.48255186485404805,-0.9081906970843762,2.6931741171660235
0.2704568257798388,0.5206433368391185,0.3573592556000591,0.7476804731516168,2.0256183897862843
-0.05023810944913695,-0.2248337457948095,0.14275014905389416,-0.11675966119522252,2.62460996728019
-0.23894804686640975,0.16118633743634675,1.0977230065829788,-0.9529730419168414,1.7746506595531064
-0.9075636620415979,1.5526270674285694,1.9730969229092827,-0.3850554931486645,1.5283124695692294
-0.5767713305683327,0.1455684203457646,0.263059479563169,-0.9140737373162136,2.4677071192482454
0.755391225825756,-0.1304697753215563,-0.11075415671678845,-0.8735109566211281,2.364398883085497
0.5009171876243808,1.1776400026237321,0.8934922073426734,0.5189075285729976,2.9956994964234
-0.977555244798551,-1.0261001382846613,0.5439638787157665,-0.4412535074415263,0.7916164905600382
0.09933230542922587,0.9124168335236464,1.2578491168979704,0.46816952721238714,1.5799198157780618
0.751387123371789,0.79919944465587,2.3425312818014334,-1.438704668231924,3.220544701505483
-1.6694052811213718,1.0213517169831972,0.14777869897478774,-0.4275383895611926,2.4697752973777725
0.543360192379935,2.4388199315120587,1.478593991362304,-0.5088739765801467,1.8552488186713938
-0.6626237589458467,-0.0796102579310598,0.5281284412899374,-0.8313561209008049,2.672807813885653
0.5705986685931593,0.9208304292384937,2.506587337947895,-0.9589959815067934,3.105550498729092
-0.7632591565425169,-0.3446600826405531,-0.1705454174210188,-1.3336160671662034,4.048395355164707
-1.804882100664519,1.130299743290846,0.34198758023441556,-0.66591967529071,3.063717757974225
-1.6275424378831627,1.6770670641689422,0.9345451029349264,-1.1189743449757932,2.4359288131002663
0.048084946661381994,1.5501196136542437,2.144315564271808,-0.03378249910855093,2.2167884586060462
0.25972250172148187,-1.0216616286929239,1.5535101062433476,-0.16001777957012842,1.156340616183222
-0.9043166251044086,1.5891676892520508,1.1803724359590066,0.35357799299705217,1.5647047874301423
0.6385924587773739,0.4228467923149925,1.3391366151026631,-0.7539273465157652,2.918869473507187
-1.6615200622689599,1.9316905369609954,2.070010805456012,-0.8785341229471288,0.7138950388923373
-0.06607979864731657,0.6128029860684121,-0.19175140119137554,-0.24008600270303138,2.618116410090837
-1.2110161997624567,0.7271924910273446,1.518243755820557,0.5211992619826514,3.4544747922634897
-0.6518361078021592,0.6255903840266464,2.1556893076253645,0.24686701734387995,0.7724535741542113
0.047398671316414016,1.3784836617286738,0.9729863266593559,-1.6258553261125197,2.903962219954263
-0.8604133652839524,1.0364386595812816,0.6851122096155425,-0.35085111999802443,1.519158437674555
-0.38455554422982535,-0.22365261856755753,0.8442279555086387,-0.6803180133021565,0.4504605077099568
1.0062928092144405,1.7036285374265665,0.16220003026031088,-0.7388787778725887,1.6779033257410598
-0.5768918695231487,2.0883492309760476,-0.291607475977782,-1.3600950267247573,2.867208231995093
0.8356921120651418,0.49767444432027375,-0.30171073510667845,-1.2501489428908963,2.3393253462981396
-1.129706854657618,0.4647979619938317,2.2863062630795765,-2.87304265259385,3.373517391871691
0.5298041779152828,1.0832507994884388,-0.27843759205659624,-1.9896534150177332,2.8239305314093066
1.4415686206579004,0.5457318168578068,1.2279574631466668,-0.06597538563883514,2.0850099276978455
-2.4716445001272893,-1.1867853229629386,1.35067088438935,-0.3496293269541702,2.15532828844784
-0.7968952554704768,0.638105152859817,0.5846608720434323,-1.1856361068157866,3.995241981683092
0.57707212718054,1.665431208440996,0.51593939575688,-2.5700627990065383,1.9817359925651645
-0.2030453860429927,-0.15660018685943586,1.1884011194047763,-0.8438981132866719,0.8973268834696828
0.37114587337130883,1.2539102524928072,0.6971584608963706,-0.6263367780819102,2.561588509046508
-0.6039851867158206,2.312695694860695,0.15798296779497248,-0.7822956630511935,1.69821652822076
0.08658978747289992,1.1409558405761127,-0.3306010012681822,-0.8003900359777154,3.4299165724311926
-0.15567723539207948,1.4152803583080527,0.8389507779899483,0.30336594208196266,2.8558013012558803
1.1677820616598074,-0.6088928723021273,0.7726359776890245,-0.36407232889013535,1.517792719091746
0.2544208433012131,0.3497590525852572,1.5538140439540649,-0.9460253001445338,2.041150197956058
0.3376026620752022,0.7516577058542142,1.5750740035163824,0.10269816207709304,1.1152718694882018
-0.4118769661224674,0.6314589011903746,0.19352761263949117,-0.4290748461811509,2.2267673915785817
-0.48760622407249354,-1.0969979204855103,-0.024843342754315323,-0.12286806231480857,1.6571609794865447
-0.4325581878196209,0.592033680262626,0.30219039742261444,-0.25582528626352985,-0.10896267838532303
0.39445214237829684,1.3250164735407008,0.392360436733715,-0.40444006355068,1.9247729238329947
-0.42098448082026296,-0.4211161599154627,0.7174607245889478,0.13276008313302545,0.9414314109927393
0.2897748568964129,0.6978307403986279,-0.3999451919547592,-0.7019226121249624,1.6112575330458307
2.075400798645439,0.4952524424401362,-0.32388647544211735,-0.7685321209255249,2.7210633802721698
0.8711247034316923,2.4163004849602574,2.3193209008083358,-0.4123982156316566,1.2261486584157362
-0.32602353216784113,0.8259303199394558,1.1156078581698812,0.19476290618978653,2.3065324961487015
1.2012139221639448,-0.057054784962330296,1.2366697183438227,-0.03832650574424339,4.430504003537974
-0.4080753730215514,0.4826838649724977,-0.2735498276113302,-0.18187462368480578,2.027148038249764
-2.038124535177854,-0.6202888076978658,0.6634661855350171,-0.0867846623020554,3.340216807243709
-1.008086310917404,0.8197657376755951,0.21205823579570626,-0.6827557825286468,2.6169713259893674
-1.8707919210258557,0.5787335848784627,0.9921518501325488,-0.10610785939893515,2.4470425615436837
-0.35151348404130867,0.5492901512281987,0.7600366725786782,-1.5454955983755152,3.7497796993129304
0.0184183791895517,0.6134299242417597,0.5783496778286592,0.0714586969301296,1.377401369522904
1.6764373122752827,1.9025270420802274,0.9256802679744072,0.2891411823926048,2.476450800969113
0.32692737376416264,0.015630949763162205,0.7156175351441789,-1.4750049501370945,1.6531829965636882
-0.21910052880886424,1.0375605200976294,-0.16273648828021345,-0.05105280982387117,0.8704562541579752
0.8294055811834892,2.1080664464652976,1.4724235600555875,-0.9034093755337447,2.350354856706598
-2.211135309007885,0.7743625270864165,0.11587530888293497,-2.26984127558997,2.419136800018618
0.23561455810856594,0.2101885603078385,1.345089448880236,-0.2183969322193492,1.991935753500848
0.7708651938869668,1.5323970997911658,-0.4787727324931754,-0.7199659591258152,1.1310105398698473
-1.4785862457798415,0.35477727094653116,0.9926127224240482,-1.2624992357781268,-0.20886895065784028
1.143754043206929,-0.583437906969025,0.4258630944415768,-1.00766823924092,2.5616314398569573
0.3384964074944141,0.39871441443980615,1.8841097677836307,-1.7408204591019198,1.8963063926859114
-0.4152879139008013,1.111699608100909,0.5616198273981523,-0.7153115127433625,1.498143033786965
0.6327818661062848,0.787380089376297,1.5945392670271972,-1.5172515665604915,3.6637665553913
2.270692857804396,0.8687008914070428,0.5826236654406933,-1.1815906061747594,2.7039879370258872
0.18186625505849516,1.054863535766559,-0.04514189592796464,-0.08713606673389607,2.409752248657872
0.24822058630033608,0.09198052478931962,0.414443415096887,-0.6598077013883458,2.577507895804219
-0.4593608995402441,-0.7568655190006254,0.012218338517955285,-1.3299838693799566,0.342686219154023
-0.8498443694647918,0.40811815867375717,0.25420557659802456,-2.1348602557485403,4.157384539523347
0.8303358165442456,1.1505313450267425,0.7764245356400981,-1.4750755097288155,1.3476880371167663
-0.8560838259088672,0.021010058050007982,0.9286718379666807,-1.1323123114991502,2.260174830308855
0.07156623721939247,-0.039072348236280696,0.5485881739684653,-0.34057412849505186,0.6569163020939865
-0.4776574467651167,2.469238673198644,0.6115138522930197,0.442003919798901,0.45591007214493673
0.47897982574639186,0.294221969974917,2.219491298830373,-1.44254081034489,0.08404121673980058
0.3336621052869483,0.7078879277973403,2.4355430856575464,-0.6635604148806846,1.913532425535102
1.0375399442578992,1.1777120277386988,1.04324499327855,-1.956796580182576,1.908644571256703
-0.510016398854747,2.2585615378451473,1.041588587965724,-2.1868079045812854,2.065281555164496
-0.26987493529337125,0.05002626693343876,0.9638540021220442,-0.620407658261396,1.6806798817216784
-0.9787637157823074,1.6645481404817861,1.5542554409325597,0.1069552034103817,3.1585955587757546
-0.4442932600761116,0.822646562219351,0.513651005377007,-1.0736106781512549,0.9801205897223977
0.3773004930448522,0.8695679435031721,-0.5374920194560759,0.5837944900395942,2.360265860545234
0.7569886166453519,1.3976383579095006,0.8053491074656233,0.5586812401778114,2.620694143944484
-0.9221653241776254,1.4341891883243958,0.07831628168909355,-0.11861141028249755,2.8259121947897654
0.8696059201056602,0.9053657754040667,2.6125184075216445,-0.684185568107707,-0.525322531385306
1.355637858804951,1.3916105875528122,0.7281647534134454,-0.5734254158103984,1.7695876674711721
0.41343490322370086,0.7771814349519005,0.04496034180405628,-0.3815196066487369,1.5049451511678407
1.876795812558066,0.8295312282629336,0.7987822332985113,-1.1274509830022565,1.0649703847065202
-0.773789199103573,-0.3160266005285897,0.8403398032869747,-0.608341228335469,3.418109420073927
-1.244654703311417,-0.28145958416748607,1.1716553656164121,-0.4191702711342015,3.82506587678778
-1.7787202489042786,0.842491326121896,0.7421948324063594,-1.1843835504577518,-0.38637752052612573
1.496044311489183,-0.6708472871280737,0.8108126686926893,0.08143808760228496,1.276321427996459
0.6543656563540577,-0.22233826652525546,0.06594255437955873,-0.1706001507516976,2.5526151051378037
-0.05558467091045507,1.9219577203330984,-1.027786481365525,-0.9359261237932163,1.6134112861038796
0.2799686263198203,0.5179104402118645,-0.6508325571526732,-1.5443344159722874,1.9571821604330082
-1.1254890472983765,0.06198157260651752,0.045127873521489004,1.1409675754311062,2.292255356679812
2.4457519796168263,-0.2692483745471854,0.6074785739555362,-0.8508896324877917,2.100382649730783
0.1292211819752275,2.8122827119991216,0.4394926288208029,-2.123730851628002,2.989064850944756
0.10939479460489289,-0.2727994915598597,0.18453662842196783,-0.74447088073277,3.5907150263005625
0.725766623898692,0.5011241447578524,1.8103967127027318,-1.5833509483832915,2.7566354454226327
0.4810092317367132,0.007878983616949331,0.9848890307410806,-1.1228626293156432,1.3328486963090815
0.22388402427913137,1.8290730713549685,0.6856937702010816,-0.0031036574122539906,3.5776801684977677
-0.7904744554453119,0.557715698419473,1.3939203039013204,1.0527400254342,1.3273627783736768
0.4714683571359957,0.5334625463215565,1.24998715813517,-1.5874132468359277,1.4280605466669671
1.8820244964750337,0.7365622173377837,2.1381847259525877,-0.9847847666078612,1.7593639168754982
1.3454200461549777,-0.45439091032890266,0.4671676900325513,-0.41832087191523715,0.8168235039178984
1.593186626639397,1.6617643788606848,1.7766510966691915,-1.7907913498092731,1.01629215539395
-0.5112156764311852,0.2199404346031426,0.08892943748100357,1.0557200800451623,2.2982475033632532
-0.9896048202585809,-0.6130174025092846,1.0642886518195303,-0.06555609276931318,1.7496200443700407
-0.12578692009964815,1.4173358850016817,0.22913321246963697,0.014820062977847104,1.1380160992352661
0.055724912288694604,-0.2478146481158915,0.6756982620807755,-0.34686648492412386,1.3744315963975542
1.0941915184709485,0.3084595416780319,0.29055819567011454,-0.0611064037029079,1.3469379536912367
-1.6924646297148194,0.558171536987112,-0.36070802527718704,0.25372494743564544,3.3483742479695997
1.5295503194606137,0.3146813950438362,0.8269103236123225,-0.4659612524500308,1.7711108314917032
-0.15800789857898942,0.34347517060292376,-0.017987636593758016,-0.3441841883623785,3.5358727563705727
-0.42688106994742003,0.9715181581160617,1.083907917392011,-0.671240306473994,3.3231440197867146
-1.0121043752601675,-0.8958013930208646,-0.026021833724761634,-0.22938753234540343,3.2590756651796564
-1.6548566718657693,-0.4221222525840137,-1.3945320442296658,-0.8066229047107673,3.174144894285818
0.8231705839619146,0.5784980956545003,-0.00806521151476558,-1.5224501644624586,0.8220415424442526
0.07331796718840389,0.9466319420688334,-0.36900266628710526,-0.11077603766491562,0.9301109787326882
-1.2899608997410539,0.8315941010718865,1.221970040067482,-0.06241662997232106,1.654146829531919
-1.295078772063616,0.5222356824314622,-1.190174453874241,-0.2157134704463417,1.4214456315341089
-0.3357846992901282,1.2349921040182912,-0.03804290510995317,-1.2639667936672736,0.4536723239431275
1.669021525289393,0.8982850397523372,0.08056244389183184,-1.4621811912909224,2.8396531634446878
-0.2595913513636048,0.6291101399339802,0.9488663113355063,-1.8837895765139212,1.0062447063992914
-1.5031429531181062,-0.10391443450456134,-0.7413639944873147,-1.5022508060329907,1.8623355505519845
-0.24574306408594432,1.5190740448521707,0.3212693805585456,-1.1754469523809585,2.358855095186895
-0.2727235697476705,-0.21096640041830866,0.03038072590662333,-2.447837262999528,3.9630366823229544
-2.6968866429415717,0.3877062590599118,-0.5573315554940297,-0.8122244308287551,-0.12952417731471888
-0.05429486651781221,-0.21610556858802465,0.1578449552327655,-1.8243344217099757,1.9461667386639236
-0.23093453020867796,0.8891005504795887,-0.24540090473028897,-0.5910125733489776,2.2719253771902794
0.6962063648134184,2.5230592187888807,0.48595658155236,-0.6696681020431081,3.1752163205500734
1.8489560949453452,-0.18172907323647208,0.20161322844683888,-0.2892329256830193,0.9632029009709777
1.1265650295477574,1.2630507121937253,0.8058739896781011,-0.2601312815393915,1.495473342845061
-0.26888869055483056,0.48742867571722226,0.395348471530236,0.306764340327744,1.4901307922154534
-1.1065259087416703,-0.4319216293467766,0.3411813278645694,-0.7513933223286838,2.2882924637802744
2.5733598032498604,-0.1920496473526499,0.5144763092719139,-0.42638493867940125,2.868495793579946
0.05921843401448826,-0.35623653093169505,1.4983224007083527,-1.6782205442423357,3.2067836449002973
0.013929291912946203,-0.6098632004929156,-0.16892227105272403,-1.544675292484238,1.6639509728900335
-0.024125087110003277,1.573788490939997,2.2580398264890316,-0.8890174254510027,0.4633825619915768
0.19808476076785494,0.6291895308117628,0.2700380685691297,-1.2087027561121568,2.1113614706595567
-0.14436041192394247,1.2155988701133216,1.3959122140802038,-0.7246348448192923,1.9501303372668992
-0.5736620068802363,0.18379571162570119,-0.5224731495074082,-0.5077311274791848,-0.2804020668486138
-0.5468589412403921,0.6894527661535723,0.762897865348608,-0.41789458793068723,0.6949494579132152
-0.03275327021599839,1.1683062954820183,-0.003080543241575917,0.4732726273340761,2.871161326639101
-0.543424771133765,1.0876797474246427,-0.001524541043120553,0.2716496937461841,0.3464638417375139
-0.7128457826771644,1.2712845106795552,1.390921931223167,-0.006357196076225757,2.4991813318713145
0.10643022769189683,0.9365574037454613,1.1341118519146336,-0.682457630500781,3.153160384816438
-0.2549772174208553,0.16888004967891646,0.2526124433903671,-1.272699061456775,1.1965735391921837
1.5039929885826886,1.2025880940729685,1.4150318853376707,-0.7154738619283357,1.3885845594077226
-2.650969808393012,0.9935255863127532,0.5931906465176824,-1.6536411972255625,1.6918906764997341
1.0915068519224618,0.8253949847291318,0.3015333908102995,-0.7200943881096217,1.2166993039336798
1.246085192497629,0.645494880877184,1.2183947508693274,-1.9443606065362595,0.9386988360462574
-2.0733902324081495,-0.12008535485938171,-0.17909163714935616,-0.4075399232276962,3.687597185068417
-0.34268759408034877,0.11468512860563815,0.6846489606756923,-0.7381327993960598,1.959008179779439
-0.37144086599579146,1.0449925165463163,0.09714442606574247,-2.2810438002297047,0.8903391331601138
-1.4075116947178212,0.5168539089924307,-0.4025735971217492,-1.6166786672668918,2.3874479327319262
-0.7778166875908753,1.558702739231593,-0.4733477905044569,0.41423734989416733,3.0091767939035856
-1.1105758454658288,1.135824439472144,0.4451826958129293,-0.13254949203101016,2.3656747569710137
1.7522704434236227,0.07308245885263931,-0.48839609581423427,-1.6169368921066074,2.5955407668655255
0.9356783931474612,0.8028256882770988,1.469399583536645,-0.6615124997043876,2.4967335908897117
1.2715550949941588,0.4965876134571637,-0.06974784095844162,-0.10992021408384656,3.6218782780281624
0.7216720640432351,0.7555769409522429,1.0598213640761938,-0.6165549380642997,3.4410857367726857
-1.1290517712172292,0.2210810888246126,0.6471766845913434,-0.4331005709291873,2.1316010736694007
-0.5245202662797737,0.8902957840747001,0.9646662233691405,-1.2345215815905277,3.679087402812425
0.48937456122791806,0.7323159422213954,0.6347583871931886,-0.06814862045005418,2.841014699779561
-1.2221278088919454,0.6470343690326114,-0.0734556443825386,-0.4783840205296871,2.8725935862812744
0.7129984301723881,1.091481084925817,0.33860785020131534,-1.3226066211624141,1.8064211498558065
-0.24032539815813503,0.02812541629558113,1.6261857607084373,-1.3305172010823907,0.939894186517328
-0.3748208075495975,-0.8840914999697222,-0.3066940330382661,0.09922669729686573,3.43619744630304
0.7109599682034915,0.7186872042956576,0.2604216714506943,-0.08141185574090737,4.094995597258444
0.44426331148603976,-0.22041692965951204,0.39410422182107574,0.24559942295569334,2.2405348453221468
-0.3609661658190799,-0.24977682618390462,0.39789967655881986,0.2055652941829866,2.568107073627365
1.159329803364248,0.5155865407236412,0.8333230453060076,-1.063243040459779,1.8400619871311148
-1.0810633275998973,0.6182668432373053,1.5412890288591425,-0.4078591493723593,1.47931146221606
0.6159356069442637,1.0864166311382613,1.1720539913615406,-1.1300172899000338,1.8901018539284768
0.5931012579683838,0.31809183188049217,0.6198349129912117,-1.1348354584696552,1.9763237916266991
-0.3095464393139903,2.3975327582406036,0.37210718801082976,-1.0347785832229375,3.0005490654842433
0.326133022242118,0.012510186592980754,0.1927370143830196,-0.885805925149193,4.398030710085441
-1.251113576385303,1.384184814414982,0.9826410959510752,-1.2453583784036435,0.813580450748147
0.924027019206901,0.798710570435798,0.8464759984856554,0.5393895255299,2.116254586613948
-0.18490213644298903,1.0268170459956387,0.44554180152212985,-0.9668551901494084,0.8333233453093043
-0.5227230205190395,0.5196408297448908,0.3355336819655643,-0.6819106328564368,0.7976375138507688
1.0490092258368893,1.0958420117909426,0.4069945468866606,-0.09922737233959535,1.5382482926137802
-0.7043436905427592,1.823255433019316,0.39284517260150104,-1.2798782806835935,3.4898079181576067
-1.4084612963635597,1.509732943125035,0.3757553174542995,0.273962603853801,1.4447308327948907
-1.5566291735239037,0.4709443566843293,-0.20346455159007776,-0.1472392124324548,0.30399235622174725
0.6060099513456396,-0.5244863771701564,0.18458179097115557,-1.0903442263873784,1.3841380856708843
-1.280429352496283,0.5951263373374877,-0.34396084141744837,-1.0395154436813998,2.2647046275213363
1.7547941819843647,1.4218777052614993,0.8565600130133675,-0.23064459497698078,1.7480592253985214
-2.081929407883722,0.33452781982073565,0.8827329902721146,-1.4546670784746496,0.6994181445395704
1.6964563682900382,-0.33057234703226124,0.011331236646433457,-1.7409578444321276,1.1642847670380085
0.2110174672026184,0.2686386542815523,1.532201230518718,0.5225370585600412,1.9506932195848854
-0.09671311187039239,-0.9417072314976859,0.7661482596143401,-1.6546571062788138,1.6133922461693135
-0.5449190868089497,1.2714002666078035,0.46103906482358625,0.08276323133259977,3.24038245066958
0.39913611435207086,-0.31423393627231777,1.5764139588333044,-0.17324270688017557,2.4240866657570543
-0.037634702424848364,0.14880310007835448,0.887650411415312,-1.4173472686151085,0.9481883632647783
1.1033018820165215,1.479619901921253,0.15261125262455535,-0.6098697194313314,2.5876584406477736
0.11422764866203965,0.6664077755160716,4.023246873020363,0.2067125239252256,2.788923432414605
0.1503017614618776,0.7364294820333299,2.577209789103576,-0.17282812313139523,2.0579789333922704
-0.36361221221385587,0.12649009391592386,-0.2499774690106125,0.5051497665855788,1.5012367058759222
-0.056945623721067457,0.23912664317213453,0.026462719261949763,-2.0619594389238314,2.929223625900427
0.3078017688920592,1.6941760828317638,1.3870441885633298,-0.6762258963934369,2.4723781383571293
-1.7101683926566256,0.5322510362714208,1.7044570754984387,-0.8303040623455444,2.2872671388056034
-1.348185422105713,-0.1656228437156655,1.3483867778677874,-0.8231590239527854,2.330330771093461
0.743264094022715,1.452009721982695,1.6547414225382517,0.8803386400052453,2.36331912979026
0.17086543812794186,-0.6280104270674388,0.5624491061294227,-0.09585388918500937,1.9539967460431893
-0.18398333635267913,0.8060476646568207,-1.273768800207536,-1.6748491425585188,2.4232841348931022
0.01843393306539316,-0.28380283513689863,0.5302441441141472,-1.3894295950189988,-1.0990508229429965
0.34758170536167105,1.5002886987472344,0.6191458765049886,-0.06789923825600172,3.1197753853187904
-0.5397596803093615,-0.22767834156421562,0.11475432102318739,-0.6926127821409911,1.6134376332875098
-0.7783047254023127,1.0336937325033901,1.9164180230369694,-1.0332290713408552,1.841097250432266
0.19584525509768155,-0.6626243624249216,0.05439272162653552,-1.0532704461929985,1.5516554733268524
-0.978372777615032,-0.8749897670243993,0.7167694839728402,-0.526094418831561,2.3140600527149555
0.40825275571447184,-0.36426529629464177,2.259766992841452,-0.7693493177453578,1.9120726001614925
-1.7025836042378404,0.8161620501308462,0.3832995189134374,0.21900937676689308,3.9287143832740132
1.0291556373256436,1.9285510194837734,0.821350624934298,-0.8187754891780485,0.5434849888774789
0.472597482413043,1.553142667599116,-0.42975615862051525,-0.5166318454059997,1.444716288724461
0.25602973431387566,1.005099914193494,0.819655169529183,-0.03179240212831119,2.2970655204662864
0.9826909839455139,0.5598288245489303,0.11373309451233782,-0.990762151830519,2.336300445684309
1.6654744444625766,1.7486121018743417,1.0655213543069717,-2.150917581746627,3.631570913838668
1.0143700650181304,1.8401977906134663,0.732523703086483,-0.6525074007733733,3.571050405535576
-1.8408742313316453,-0.2017825728303589,0.3068323220417063,-1.2304024255236845,1.2735601342149272
-1.2795769667357015,-0.18672363173294515,0.7087542408525949,-0.607827611188672,0.48848227652900733
-0.6248185776956788,0.08110553645173611,0.26855080204587517,-0.8867515085741905,1.8868324873547009
0.026091050210833786,1.235165583179968,0.3699088149305015,-0.391645250373698,3.0136461733812987
0.517659020469123,2.387751991221088,-0.06191363095462454,-0.9165093907580089,0.029094124219668505
-0.7257438131534656,-0.023141005632534795,0.3091615998021222,-0.8166898234337523,2.8246519406979296
0.18676676447707832,0.8839185059698288,1.734521102075742,0.2101237569587126,1.9031681656170225
-0.7553829323533225,-0.4034762026738706,-0.4539729105630349,0.11914868079968766,2.3108591450653995
-0.6115178029919482,0.4001482208788233,0.7072569505798745,0.2658936506241338,0.39116942982158154
-1.4066610968482223,0.6031718916942812,1.1722950214862138,-0.7128371779751442,1.7584586463917875
-0.9232332461109043,0.8193691585096321,-0.12483086193043469,-0.5336849507561794,1.164041266248924
-1.3516846056163336,1.5597146872585879,0.1316743685932322,-0.6009230489179193,1.5671803300934606
-0.9758732529773327,0.797311542617565,0.9115651376321772,-1.304102621812959,1.5710849123095367
1.0536417966078395,1.4560230649405745,0.5986447488897333,-1.3311226606111974,2.4756585128363278
-0.949398888831943,0.32851677344568836,0.8726167204712546,0.9140848476522005,1.3585959835413028
2.632382064837391,0.7126059629656398,1.4746223558133695,0.455685172178833,3.4049811065230022
0.4933179008808892,-0.029484336903508476,-0.7444633836437526,-0.2826277549903392,1.6167631852980873
0.1848361236948739,0.19499434447854957,2.4096474047915564,-0.5486879880036432,2.315418353329329
-0.8583577801812136,0.4324551162633,-0.13833368943025443,-1.5765801105787727,1.8696323028795085
0.7003098794089914,1.3918387961282241,-0.38190277384085847,-0.6222113380241263,3.4812106219204195
-0.5756378262377739,1.6369428985516352,-0.43647978970546547,0.43022204954883475,1.085014986661753
0.12200981464536144,0.008088540907129849,-0.36177664650706415,-0.5383028770628376,0.8821531097064117
2.5600845382687947,0.6580976115362176,0.303741041932752,-0.9813845324574437,3.200484692931938
-0.09605989972464987,1.610203856136473,0.8981272608938803,-2.0937060489619945,1.4325541392313699
1.1492733262856758,0.011774127513112326,-0.36376475441901407,-1.2673816493661207,2.2845009238525718
-0.7031764251258874,0.07212884862697544,0.15307954119335013,-0.49472922317489587,2.4723593470235348
-0.0349884904969617,1.5837572559110935,1.4677950879016377,0.6633852246311752,3.093820798618361
1.77080063563551,-0.17574687895392022,0.9443763312376486,-0.22293228829560768,1.9197133104657698
-0.6269670577877674,-0.2562239976815282,1.1240817639983276,0.7449401502177115,2.0225024143704924
1.8124485579969287,0.2759084040226854,0.018127230197831967,-1.0017118090492452,2.8548361939156
0.7077519354554754,-0.10621284117169323,0.8419906455874777,-1.589051262745638,2.5201802858104063
-0.5624667758942676,0.7520332489618323,0.9547293614783833,-0.15525375098187577,3.6659898583302137
0.632407739055521,0.5796343846311809,0.29255860549340834,-1.8105256508646028,2.837086988899958
0.9725544496267299,-0.8977155432188499,0.6213604261546679,-0.04768184996519176,1.3849951306919432
0.6218099622171964,0.8797695030475812,2.760697628532321,-0.8647165515677697,0.685113082026481
-1.5702247198904564,1.1683655479030015,0.8264718946492251,-1.5400325837620303,0.6671567751403531
-0.7271371758248686,0.6249976159021778,1.537046592699271,0.10764032097675624,1.9031351421455167
-0.24751863555150475,0.18985377198322267,0.3551271081747046,-0.4759314200433158,3.2143007165848996
-0.07443342910004629,0.35920501640720287,2.3345403855997047,0.43284207120418083,0.9344982346980126
0.620672097550678,0.18984276513996606,1.8337325417494852,-0.6718032086569428,1.9423539713095175
0.17770100093325383,0.4523268036331297,-0.029733687773156936,-1.6922472616769935,2.762535853339061
-1.3353443587101013,0.49857253409616,0.11009725167313364,-0.5744064967807222,3.0879580620636276
0.3801978510059632,1.9227633851342407,1.8052929613064497,-0.34841960422407825,3.2579426755701872
0.6105857452838231,-0.13855906069430401,1.5181313296782157,-1.8931500812692401,3.451736877214053
0.5597904479310398,-0.2667276734062571,1.9146989047302134,-0.4945562614493208,3.297848512195227
1.0807807255546218,1.315228659614944,0.6276091644659432,-0.7254940471373555,2.318108617777582
0.8339221545489041,0.7467515923821813,0.668689122178855,-0.6306323195137392,2.6413276989108727
0.4591800792284367,1.4284130838440823,1.0974925637689648,-2.2440493693047525,2.399452386412784
-0.07016571145864703,-0.07065006075128943,-1.0088381197477148,-0.8442072401390759,1.3871218991621004
-1.6609609335159914,1.1138937528713637,0.9899505916462259,0.30258628789145076,2.896289966965637
0.42961821913258585,0.9872551215259824,0.34038852503857486,-1.3034188983806325,4.112992247748368
0.20768768716311115,-0.28985091712554184,0.5649615762915612,-1.8338199554388588,1.798174517399254
0.27157883719537346,0.3963010714402935,0.15041118503721962,0.24621181000490136,2.1430122033393917
-1.2767485758203094,-0.12661331516158225,0.053655867166795546,-0.4529172078975348,1.9434836191820657
-1.0810565404082624,0.1366044541690365,-0.07671319232253453,-0.1259469828417366,0.9349484560475521
1.0531528533329035,1.127127102385931,0.97206924117012,-0.8645108423428132,0.2955997605147438
-0.03955515385665504,-0.14944669487553272,-0.1329516428541197,-1.7241783948260372,1.6848906916540773
0.6815006973726244,1.7903152337419543,-0.9048445583407996,-1.087024295370918,2.930739974152676
0.028318376130461172,0.5542677045366295,1.9638580822576273,-0.580944348752465,0.7686666443291013
0.02975613949574519,0.21831605802941,0.43523871155177335,-1.2229753321822154,3.284572251906805
0.9382838059759977,1.5304276532833847,0.8740929961722289,-0.7720326707324252,1.3328021791362439
-0.5160447282173739,-1.7666451120496391,1.3633432637916445,0.3048368031143388,3.1957389655411035
0.09612077694098337,0.2888775952358379,1.7868959817642536,0.9622262982830743,1.5776288953727875
-0.4622752887050425,1.7954581497529878,-0.25999751197967,-0.5854747392358917,2.645764822678104
-0.4344962274323156,1.3984315062081234,0.8885897875454188,-1.4587268869247574,2.4809208691875906
-0.30917212346863937,2.366998249895219,-0.4578896313830627,-0.18396773503282182,0.07534516615651943
0.22213377163371284,0.14344045520059523,-0.38105575675441594,-1.4122631284227287,3.004292374306675
-0.4787486216634773,-0.18394811439114128,1.2760467436061438,-0.6859861301236659,2.160670462509012
1.2557561255735208,0.5542282298565322,1.3366991932803085,-2.457418945875264,1.578998071576579
-0.8946073022195039,0.29261392388398333,0.4419647121099288,0.5318600775411235,1.2628755908612874
-0.18687164416135904,0.43598148485889265,0.4073194925464961,-0.6729421945265819,1.9462798463198925
-0.4397310582741749,-0.3189044368611663,-0.7121089997976935,-1.9950589260591152,2.597635943742114
1.4469778843537329,2.3626246471972188,0.34685187768947723,-0.6466981107899641,2.1085312191930745
0.19655477651157463,0.44751608017027,-0.36468367768275495,0.468253868732026,1.40245840964612
1.0318445394686349,-1.0340146792742746,0.8816415977997385,-1.2364324982120138,2.397276564943821
-1.485560373036972,0.11177110012256652,1.629383066623323,-0.4702280336223279,2.1419432870178947
0.26705026586925884,1.267941273624775,-0.4139107550305776,0.41181055386436805,2.2857164728406296
0.889630795623437,0.2840936033780429,0.5879983318865767,-0.9681578594267232,2.1645314853184
0.08228398927542419,-0.10867300444505767,-0.017243830285522344,-1.0385993431810445,1.5999331753805872
1.0654803750653512,2.02714659163371,1.1402158192110852,0.0808478783145265,1.782899242111415
-0.5172884501003722,0.2847195618065732,0.4205482120671294,1.0769271632992585,1.8210875838992788
1.40934744018558,0.6253805617619399,0.12208298753625062,0.7937794057713272,0.79567986852932
2.2988981236192503,0.1992717567086635,0.5064482959324577,-0.4461513687245861,2.4437139524159806
-0.36283856043965906,1.4261959377066749,0.1440293370720318,-0.6868457609602028,1.517550588703854
-0.4455025214007718,0.08954330216584125,0.5923205308823437,-0.9122736626541336,2.8857678287960544
1.453384477117701,1.4733150155631494,1.1087442489491408,-1.0618211676432907,0.806049708288723
1.5795721457307124,-0.03192016070566628,0.9317603499748565,0.7388642150882158,3.091974538564209
-0.5228600271532683,1.0022969984069465,0.8483224219550214,-0.03542393823786604,1.6900397117267656
-0.42018681709585726,-0.567064733706049,1.495663242309777,-0.22949601487417964,2.5194569090347696
-0.2817846088605072,-0.23259171002494441,-0.1826412426555138,-1.3750813193908755,3.251302434423655
-1.344450511034277,-0.6221118285971369,-0.3133979338129475,-0.44209057776648125,2.402330465158206
-0.9186519464841982,-0.44929715790543573,1.0976307620807186,0.3169003166534762,1.5106964105393994
-1.0041407667520679,1.7565767454719947,1.1881608115150004,-0.2788916234207741,1.5306780150644586
-0.7677975651041284,0.028146983983408508,0.84021747991628,-0.6222334385399407,3.009809465286833
-0.03468488738678118,0.616884737361999,1.8674000312469512,0.06074327506970678,2.80562540930699
0.23421473253652075,0.06579794773885653,0.27921244949894475,0.30320098714361954,2.0195986502264485
1.5505004928140769,-0.4345720260689697,0.769915287214472,-2.099597183347327,2.6397980273053743
-0.998354040738791,1.1740660031799355,-0.10490146411782436,-2.1839098265782138,3.477566802912259
0.9843223984765838,-1.467924897180938,0.05614470539090455,-0.7008118267883228,3.427941057545768
-0.21398884422550896,0.26097938869671006,0.6207875651807253,-0.3488556560749601,1.427865287612092
-0.04946370965243295,-0.10374849517098553,0.9584451936771512,-0.6510740741663084,1.3055337324629632
0.6748194921666038,2.4126597020581837,0.5485921418315921,-0.6821572211398274,1.2855691744173516
-1.1227220215622986,-0.5874700584582906,1.1947821121231466,-2.2805606330803054,2.18720007344832
0.3824097461840506,-0.7168338705583663,1.2199317729144583,-1.2952456401894374,2.4180470945764982
0.1664522082130561,0.2641031745737007,1.985572555092935,0.7542404416026395,1.764955398242885
0.4924512640081491,1.4985435763259414,0.9836610613797584,-0.6960966858855968,1.2952543959128424
0.2891686439078181,0.5404332590331868,-0.3006024723673606,-2.3845729393182986,2.379505965394616
2.4553001399108942,1.204121139563905,0.6788843857933475,-1.091524042509005,2.152308204542206
-0.637739984251316,0.3084390821119405,0.43641214220098296,-2.170045014207651,1.5611260205749486
-0.5309969550018176,-0.04655494755640022,0.9265527741760881,0.08071084690627289,2.7935378604182834
-0.6231405264247644,0.8469749852195297,1.8925320464539828,-0.8237963008599878,0.290183892397053
-0.5554771191602547,1.8741847229472364,1.8246818468885215,0.027491600927281756,2.805950195732393
-0.6373871273065177,1.6264308668899266,1.372949931074153,-0.4916613889647953,0.38580174364880926
1.1890165311075518,0.8284712245845242,0.8386281629521019,0.14305082364771216,0.08485808136511785
1.4205042479898549,1.559658939806165,-0.3512965217002764,-1.161945376435904,2.068534991009346
-0.5707462937494763,0.8414319991109518,-1.1741368022516598,-2.4356160304292347,1.4352226690030512
-0.8323555731042287,0.5474163702289814,0.6783634819021942,-1.9341112502036846,1.798821747551237
0.4714155563864041,0.340087080069701,1.0183391214554125,-0.2687067986156818,1.956662053965821
-0.5522230442809712,1.0071850372941595,0.5299025864091181,0.09246296466680726,3.6514093253035638
0.6329318177555108,0.3231934829363443,0.24107896237118703,-1.0237919833986135,3.8648530414032
0.2029230208512997,0.4567138237859075,0.6399684340776701,-1.4926657608953293,2.3596627628284588
-1.515744114997232,0.9254401920561253,1.11501381992432,0.0024132821056523923,2.160328928787846
1.5475052013300616,-0.15434783810641084,0.3869486381555116,-1.3510079556795005,2.555412799614841
1.7958776730955217,0.8354768710073963,0.9285516717437877,-1.6350523086489228,3.6922933140257714
-0.6127886904843862,1.2399926343676022,0.3514903689846861,-0.46513973034430034,2.55637108277741
-0.38770155993598415,1.4371988279440118,1.54060214239471,-1.0707887652318766,3.3005790620676048
0.28586539072490497,0.19992846217814153,0.3717620297783157,-1.1540542827957303,2.333185120337691
0.334456789987025,0.2372481482641483,1.3557401395610782,-0.13345344797904257,1.1948340954003887
0.6585442726728304,0.4474927085284754,0.1978982521054107,-0.2516337590523553,2.2061669684713254
2.0102045387663496,-0.5227237939950915,0.5391939695666157,0.41188431621519556,0.6641528461010802
-0.1769472274940494,1.2468547763830755,-0.5500004890778938,-0.7557105598960432,0.9857004479643194
-0.7982972445384537,-0.14931558168255765,0.8857220087186164,0.19644381314362447,2.0096828756401384
-1.3793192280145272,1.631813206597712,1.6034136018045335,-1.048648912349906,0.2654551840733752
-0.7309300399419191,0.18364562917033378,1.0997038468775227,-0.5052035910044692,2.5420412972836717
-0.033126972873797095,0.9486574506222764,0.9524553239947549,-1.8049122910743622,1.557335208093509
1.7945578635177877,0.4208030956401678,0.4289880885487741,-0.3168966956064523,2.3518766005665404
-0.5176112990361714,1.045933010572277,0.04712270906179339,-1.6517407483359725,2.410296427883465
0.2237879516388985,0.6040087886381068,0.44194283368682646,-0.7236891526708158,3.3106916349736446
-0.016422896072752075,1.0490932805607978,1.6532457020852802,-0.513256461992841,2.6442932873076312
1.188393273448084,0.7223066903587866,-0.3735379116785075,-1.1700007976239157,1.3777057063300364
2.5269324258736217,-0.7916648691201925,0.8022807706135963,-2.1036966730627973,-0.13561503101957895
-0.5308687729203206,-0.23110282386793202,0.9081655505612836,-1.1831517951688346,1.6610678279825308
-0.48943944251822213,1.3215658896232851,2.006948100234476,-0.9637357670749995,2.9854972456413167
1.044160877069072,0.13051473278678943,0.47710382996958606,-1.1436256863642653,1.7386602578820547
0.6818914896263114,1.8677104368166468,-0.2975065555545072,-1.3304265467500367,3.741641358839689
1.8467073257360336,-0.12885242541651432,0.18319428233859747,-1.8434168598131904,1.7182585657362974
0.5839281853259639,0.9530507039305814,2.2553908561566947,0.2053459570934556,2.499280963948729
-0.35929209078705954,1.2476768126432285,-0.7579061276172558,-1.6956362410307824,1.9090891841559585
0.5906548306923093,0.6096064190839539,0.2452157779914493,-1.534192818354928,2.126580253964983
1.1087035805829077,-0.24693245606107955,1.0596913412305944,-0.23819226099353288,2.3868344461218776
0.820482181197364,0.4992374416574678,0.12048663182596153,-0.750187171918615,1.7386256508143485
0.5072740311072977,-1.4284220119715239,-0.19160869554658244,1.3622413632712644,1.4834264809420508
1.066674689589154,-0.19385268691461777,0.9814646357052943,-0.47378674001962806,1.2254465820936142
1.1692955904456728,-0.0637866827805289,1.6563484277120395,-1.5144743166832784,3.1049734331608443
1.3821589910375272,-0.27651519143073255,0.9173627088116376,-0.7677029844933871,3.200943350290948
0.6487098875896427,-2.367287299273907,0.8279471376927667,-1.1365171397561902,4.124637408460384
-0.16711808031685435,1.5934196516208603,0.22281009062419,-0.9077760268209947,2.61977990019422
0.14671368643332283,2.3430596188683626,-0.030077935317237237,-1.5242751453571122,2.319762503095857
1.2065089665083568,0.22168865147650596,0.729387759052331,-0.054141026743453086,1.0150336154950974
-0.8169356709872361,0.025359391288882066,0.6508020012589391,-1.726343883576972,1.3835012372705344
0.3686733088729012,0.4850896440194678,0.680092885585303,-0.5836212154009088,1.9072776222657264
-0.3933388123273607,0.5323786574526715,0.6727707674889765,-2.1291722230583696,2.329026986854651
0.028744822934817487,0.48473082248898314,0.8188488386001485,-0.36076926754663974,1.0904479648082899
1.2784518626072987,0.4951646326293833,0.9913076354179157,-1.1406878908904128,1.857369962586336
0.19109906801990334,1.0999586258278837,1.701091701887071,-0.5399535438799477,1.7128349698106213
0.04643654815614881,0.8361778806769555,-0.24695444640373038,-0.48231812119582806,2.997123479024283
-1.3598561409799192,1.4423168684372993,0.8273999253934873,0.4991471807392663,2.9346520318872145
0.7462535660272207,1.5939073033471267,1.8103833177693982,-2.213964012965401,3.699825731602979
0.6454841811410754,1.1861443633864794,0.6360746815149598,-1.8674730269098307,1.5004246810957804
2.16325472330546,0.9514194002081237,1.069844818279049,-0.25599120578051354,1.3229822878568094
-0.30777823495300083,0.9218519271711103,1.4650483240777656,-1.5911250015246046,2.8898535428086363
0.21915032766393897,1.8921503908213089,0.9169622217288953,-0.8150644278457652,1.283884314331899
0.24938368371075526,-0.019574821444229784,1.2987323893533713,-1.4272254870993066,2.3271775249003057
1.5774532797634744,0.8804283059693294,0.6154053906755338,0.30746580989898586,2.3065837865326357
-0.0952955323869521,0.8715523860412087,1.952790390616363,-0.7883281196675624,2.2096306557201983
0.27902152577033923,-0.8419627776945129,-0.04084225425902506,-0.030105206175686794,2.4607783972494306
0.6078965097165392,0.7010098569510878,-0.5167056166754316,-1.267593836924135,0.2522147608810865
0.1866091231563581,0.009604121682066258,0.2478654393889928,-2.97910888236999,1.504050375674375
-0.44643361455052827,0.05844898364269778,1.5395736934437436,0.4338256492622805,3.7613874247653856
0.19408999289830758,-0.522378955456028,-0.6676496466990749,-0.8969771834938673,1.2289285785861135
1.073631749859772,1.9481022375498427,2.466745007675752,-0.8991980768926947,3.7035452893886895
-1.0265152994110602,1.0545535751604447,0.35589300737470464,-0.4841399554518405,2.484722330894277
0.132969674146876,0.9247331273632349,-0.037582014853994206,-0.29611723522424493,3.1418814043446446
-0.7001208149391732,0.13385070175305003,0.5564551291502893,-0.46603975773520606,2.2097231106517756
1.1950466289248425,1.5964162829540403,-0.029623573492434357,-0.33071884594756495,0.9480691030417563
-1.5231869047837747,0.5106142499544872,0.5579255148867526,0.016897300352009537,1.363569133817955
-0.5589218472715883,1.9504452504741252,0.550215088962615,-0.5477615948975285,0.7380534475128271
0.37721187506452086,0.06719426809835899,0.5171361152000522,-0.7660692393645848,2.3887694961559514
1.5655240292343404,1.8762012361632023,1.6971690987816614,-1.0199618213086803,3.1764142795474584
-0.0657502610729878,2.1119449523763225,0.06385856445075727,-0.9316594083230618,1.926840610049134
-0.5551995266931984,0.3251363690134603,1.167002610746727,-0.3703727183666647,2.440778527779285
1.8811570694405901,0.06109861395110705,0.05591000111543143,-1.1356163629822105,1.8319548722699537
-1.448013900416244,0.9424699660016747,1.5896254602823916,0.05164506326055088,2.0411288338472624
-2.198805956620082,-0.5642092625560446,1.2556438820186095,-1.9200401898272115,1.0919715158736607
0.4400144500533324,2.5459484538783848,-0.20503695311345327,-0.9048263251526839,1.4049060308469103
-0.5020542243526112,0.12148247701078452,0.624514117254982,-0.10096182098842349,1.9664491350570918
-1.0212328171307132,-0.21852919144060684,1.0413969651417403,-0.21854555612788484,1.032062098383153
0.7083564472993533,0.19165378448355505,0.4266619271316887,-1.0600579511396275,4.249204020691054
0.24380071377119883,-0.2994195793507559,-0.25434343705762485,-1.2738594148906472,1.528335201805454
-0.5640786307367284,-0.19150297370597008,1.4194355596776633,-2.5784448911129587,1.898306717206043
-1.2803043986708944,0.898304808576134,0.6412290400194633,-0.8610815362728634,0.6709895090519786
0.8724573282801447,0.6035952198552976,0.9095449125858982,-0.10668704082065994,3.9719223170156654
0.650201177958661,0.6299711419936547,0.4507653878581637,0.7201797206803646,2.1681644301105183
-0.09917586377938291,0.38208797409699824,2.392770548863634,-1.8177281031940566,1.7848305981116455
1.8466369960476658,0.6779102963888808,-0.6267035830401485,-1.4053428342944358,1.035614450524248
-1.0700847663261526,1.0455102730128418,1.3369785831812995,-0.09277892994255876,2.231157884705094
-1.5255251709247388,0.3363497717017474,0.036983909176702745,0.5196591160103483,1.8681286164074924
-0.6919080698812444,2.033708519274497,-0.38403627201517126,-0.47191532792776897,2.403773744595491
-0.045586016355497805,0.7074897443058799,0.44690119331939837,-1.1828208341529318,1.7471577967122298
0.24333944932269183,1.1348032679902493,0.8231991974915936,-1.6334076587105975,2.5901224099769626
-0.24123605785632987,0.5006980736686123,0.5619930207496743,-0.8527652632425022,1.938216053839509
0.3520553965142968,1.456687063915611,-0.0009485981952015443,0.6285250876660599,0.8404313171439481
-1.251539424190444,0.3562707518612367,2.2554469547674287,0.2163965971714149,3.0219414890693996
1.4437646040732595,-0.5393915959054851,1.012510819472278,-1.044415358962664,2.60586927068776
-0.0821511783925688,1.0790639889661677,0.30182183619089886,-0.9953740562804991,2.390421986997138
1.1172958315881276,2.1924055080071856,1.2793475533070213,-1.687117018649039,3.118411267414497
0.34272534637770413,0.9532110305703941,0.1858882680980088,-0.15489016756858412,0.9430629878908732
0.4567532191537839,2.162621574306222,-0.38875434203101256,0.500460898730858,1.6466856505580847
0.5697672802322039,1.5453195301346752,0.9006820930934241,-1.8501363159428532,1.1377337786556336
0.44770856001731496,-0.578990129468367,0.4341719550994823,-1.6549881114419585,1.8597742139315072
0.6427227598675439,0.595246515569359,0.7855641567192404,-1.2955022695939618,1.6165379039543013
1.3291525301324314,-0.19808884642040636,1.0017048940508766,-1.6229704046477114,2.3539797767974466
0.19652116970147013,0.029770455058093115,-0.02739196477488546,0.24770207938681124,2.301120302110443
0.7090037575885123,-0.23329671354960502,0.8111419559816514,-0.9547043166121048,2.337267866739915
-0.08973569428722672,1.2338487133862974,0.8697851511912263,-1.0301016174406348,2.7621252052797503
1.4401172154494728,-0.10783997687214733,0.17138139116901457,0.19338325564049902,3.575313204619742
-0.6763923020592697,-0.09110189675616145,-0.26226128497387485,-1.0290497816914026,1.6985627526598805
1.8009404329108156,0.49559301181452997,0.9514378742870078,-1.0612957806074539,2.4345553396021185
-0.04015795064434341,1.3688907562085193,1.5134755823167751,-0.31360721677284753,1.5892393327967587
-1.4307751021180481,1.0205821664983634,1.8797248895448964,-0.9511802515298178,0.5707694663942655
0.12810441491078928,-0.8471254924998144,-0.5175102529650571,-1.4031708578633526,2.396613638972406
-0.6810516574748808,2.22187963768967,0.9621000745204075,-0.029219093428516668,3.625131449718527
0.8406435489887241,-0.43510103151295165,-0.2701979667613169,0.4899216090201959,2.721264745735101
-0.6526239793023909,1.4808796130574584,-1.0849111157683082,-2.437716552904988,0.7371027365926883
-0.4461834332147797,-0.599205550051631,-0.5206047999199066,0.3764786139598506,2.8609869583216256
-1.889540730945531,0.2163426744439791,-0.60266441806057,-0.5448878703127962,2.9663616633844088
-0.4523063192490767,1.6818371501815281,1.185855337001292,-1.1975793586815324,2.3206923525145453
-2.4238793266289567,0.13181906676218946,1.2684790544382845,0.03750058712482596,2.205365305412591
-1.5839028234857233,0.20629936612609567,0.688804145005625,0.665900340359187,2.8428140007529663
0.7604146561442974,0.4356013419300973,2.1050341361802882,-1.4871888918363525,2.356265614583115
0.7858001586508322,0.5413686296902886,0.4692086092951556,-0.10107745437167992,2.337737011737162
0.42545756178496474,0.16495718224449119,1.8571371565075703,-0.6242823071457237,0.6409319570998777
-0.966976143129213,-0.028994320195522783,2.7817433901312993,-1.8105109227570928,2.0920886212616474
-0.047711356141979855,0.832336042216439,1.016458338016109,-0.6995274557109801,1.3095061349415034
-0.0036025390905684044,-0.4079423394459887,0.5154082176828635,-2.018979102932142,1.9731528304294423
-1.1583646891925428,-0.2661445604062662,0.8250334747805038,-0.16569205297253847,3.7337338361441264
1.5033983017671506,0.4539844685292529,0.3376356204799409,0.11465593929724593,1.3665343523702593
0.8773622905756714,0.4447500555399792,0.41765077629922037,1.125878954184555,2.7090703674494843
-0.22096417382966393,1.234915235912866,1.7072371883396196,-0.37433810142976104,3.5737819699934823
0.02688583899453078,1.9418660869844735,-0.6823850702762836,-0.2956715572063908,2.514727816183199
0.20838280794755248,1.6122921087906033,2.5699985757510504,-0.12124393397054989,3.719165984356266
-2.0417348684242906,0.9631589948389588,0.013131193793340379,0.27888159548736374,1.2092097388610261
-0.24717738252059693,0.9281818841008276,1.7073860114157802,-1.3553257922683644,2.1651419005202883
-0.6819842479977986,0.38135519999009726,0.9393409099290775,0.16387642008611913,3.8595461787516543
-1.0016200098949155,-0.3802790376766326,2.082897641163616,-1.0684290791705733,2.1174846385823893
-0.2811002928859549,0.8439660827569102,-0.003482773425766323,-0.30789787132954693,2.174889761675093
1.7976865268495226,-0.15375897882216844,1.3342243482637852,-0.5324791834096055,3.21470519046004
0.6408428612670098,1.487832949939153,-1.4602280168100579,-0.7203983687286097,3.7008650261679192
-0.5711789897827968,-0.10413160300680031,1.8155911110639606,-0.3921909362578772,2.8586919107246764
0.5725827813561586,0.6556218558370702,-0.17034496941791344,-1.1949267445892917,2.9030945938424066
